﻿영화제목,평점
돈,7.1
캡틴 마블,6.3
악질경찰,7.4
우상,6.4
이스케이프 룸,6.9
페이트 스테이 나이트 헤븐즈필 제2장 로스트 버터플라이,7.8
양지의 그녀,8.2
라스트 미션,8.6
더 페이버릿: 여왕의 여자,8.4
그린 북,9.2
정글북: 마법 원정대,7.0
극한직업,7.4
아사코,6.5
더 와이프,8.3
가버나움,9.4
항거:유관순 이야기,9.0
숲속왕국의 꿀벌 여왕,6.4
증인,9.3
살인마 잭의 집,6.0
원 네이션,8.3
