﻿name,vicinity,lat,lng
스탠다드차타드은행 도곡동지점 Standard Chartered Bank,강남구 언주로 337,37.4981233,127.0443815
(주)키움YES저축은행,강남구 역삼2동 726-11,37.4980720,127.0385490
우리은행 선릉지점,강남구 역삼1동 701-2,37.5030715,127.0430761
KEB하나은행 테헤란로지점,강남구 테헤란로 310,37.5028216,127.0447704
우리은행 GS타워금융센터,강남구 논현로 508,37.5018216,127.0370489
KEB하나은행 역삼역점,강남구 역삼동 679-4,37.5015440,127.0376880
한국은행 강남본부,강남구 테헤란로 202,37.5006273,127.0381600
KEB하나은행 강남파이낸스PB센터점,강남구 테헤란로 152,37.5000089,127.0364359
우리은행 동역삼지점,강남구 역삼동 647-15,37.5001272,127.0334382
우리은행 투체어스강남센터,강남구 역삼동 679-1,37.5017938,127.0370489
우리은행 테헤란로지점,강남구 역삼1동 823,37.4986552,127.0315496
KEB하나은행 역삼역금융센터,강남구 역삼1동 678-36,37.5016827,127.0387154
우리은행 역삼역지점,강남구 역삼2동 726,37.4990164,127.0383267
KEB하나은행 강남지점,강남구 역삼1동 823-1,37.4989885,127.0323272
KEB국민은행,강남구 역삼1동 701,37.5038913,127.0429552
국민은행 동역삼지점,강남구 역삼동 677-25,37.5022938,127.0406875
KB국민은행 강남파이낸스종합금융센터,강남구 테헤란로 152,37.4998496,127.0366601
신한은행 역삼역금융센터,강남구 역삼1동 736-1,37.4996551,127.0348548
KB국민은행역삼역.외환프라자,강남구 논현로 531,37.5037258,127.0351759
KB국민은행 강남역기업금융지점,강남구 테헤란로 117,37.4991617,127.0302507
제주은행 서울지점,강남구 역삼동,37.5005160,127.0349660
광주은행,강남구 테헤란로 234,37.5019018,127.0418825
KB국민은행 역삼중앙점,강남구 역삼로 175,37.4957668,127.0382712
수협은행 강남금융센터지점,강남구 역삼동 642-6,37.5015391,127.0361428
스마트저축은행 서울지점,강남구 역삼동 642-16,37.5008217,127.0356602
스탠다드차타드은행 역삼역점 Standard Chartered Bank,강남구 테헤란로 151,37.5009328,127.0361324
수협은행,강남구 테헤란로 134,37.4993385,127.0337927
대신저축은행 역삼지점,강남구 역삼동 논현로 503,37.5012931,127.0363246
NH농협은행 강남역금융센터,강남구 테헤란로 108,37.4979432,127.0291376
KB국민은행 테헤란로지점,강남구 테헤란로 321,37.5039881,127.0461591
신한은행 강남별관,강남구 역삼동 731,37.4985998,127.0440206
국민은행 논현남지점,강남구 역삼1동 650-3,37.5072735,127.0348328
KEB하나은행 논현남지점,강남구 논현동 234-19,37.5080152,127.0339380
스탠다드차타드은행 테헤란로지점 Standard Chartered Bank,강남구 역삼동 테헤란로 311 아남타워빌딩,37.5037659,127.0447981
신한은행 강남스포월드지점,강남구 역삼동 653-4,37.5079319,127.0386042
더케이저축은행(주),강남구 역삼1동 702-23,37.5041270,127.0463813
하나은행 언주역지점,강남구 논현동 234-27,37.5076541,127.0342435
IBK기업은행 언주역지점,강남구 봉은사로 179,37.5074320,127.0333898
우리은행 역삼동지점,강남구 역삼동 680,37.5086263,127.0392430
국민은행 매봉지점,강남구 역삼2동 773-7,37.4968779,127.0449650
