﻿name,vicinity,lat,lng
스탠다드차타드은행 도곡동지점 Standard Chartered Bank,강남구 언주로 337,37.4981233,127.0443815
(주)키움YES저축은행,강남구 역삼2동 726-11,37.498072,127.038549
우리은행 선릉지점,강남구 역삼1동 701-2,37.5030715,127.0430761
KEB하나은행 테헤란로지점,강남구 테헤란로 310,37.5028216,127.0447704
우리은행 GS타워금융센터,강남구 논현로 508,37.5018216,127.0370489
KEB하나은행 역삼역점,강남구 역삼동 679-4,37.501544,127.037688
한국은행 강남본부,강남구 테헤란로 202,37.5006273,127.03816
KEB하나은행 강남파이낸스PB센터점,강남구 테헤란로 152,37.5000089,127.0364359
우리은행 동역삼지점,강남구 역삼동 647-15,37.5001272,127.0334382
우리은행 투체어스강남센터,강남구 역삼동 679-1,37.5017938,127.0370489
우리은행 테헤란로지점,강남구 역삼1동 823,37.4986552,127.0315496
KEB하나은행 역삼역금융센터,강남구 역삼1동 678-36,37.5016827,127.0387154
우리은행 역삼역지점,강남구 역삼2동 726,37.4990164,127.0383267
KEB하나은행 강남지점,강남구 역삼1동 823-1,37.4989885,127.0323272
KEB국민은행,강남구 역삼1동 701,37.5038913,127.0429552
국민은행 동역삼지점,강남구 역삼동 677-25,37.5022938,127.0406875
KB국민은행 강남파이낸스종합금융센터,강남구 테헤란로 152,37.4998496,127.0366601
신한은행 역삼역금융센터,강남구 역삼1동 736-1,37.4996551,127.0348548
KB국민은행역삼역.외환프라자,강남구 논현로 531,37.5037258,127.0351759
KB국민은행 강남역기업금융지점,강남구 테헤란로 117,37.49916169999999,127.0302507
