﻿경기상태,날짜,어웨이팀,홈팀,어웨이점수,홈점수,어웨이투수,홈투수
경기종료,20190312,KIA,SK,4,1,양현종,김택형
경기종료,20190312,한화,두산,3,2,김이환,홍상삼
경기종료,20190312,롯데,NC,6,4,레일리,구창모
경기종료,20190312,키움,LG,4,1,요키시,윌슨
경기종료,20190312,삼성,KT,13,12,김승현,주권
경기종료,20190313,KIA,SK,3,3,모름,모름
경기종료,20190313,한화,두산,9,2,송은범,박신지
경기종료,20190313,롯데,NC,0,5,김원중,이재학
경기종료,20190313,키움,LG,4,8,최원태,켈리
경기종료,20190313,삼성,KT,6,1,헤일리,금민철
경기종료,20190314,한화,SK,5,3,채드벨,다익손
경기종료,20190314,LG,두산,2,13,임찬규,후랭코프
경기종료,20190314,삼성,NC,4,6,최채흥,김영규
경기종료,20190314,키움,롯데,8,3,안우진,톰슨
경기종료,20190314,KIA,KT,9,5,하준영,이종혁
경기전,20190315,LG,두산,-1,-1,모름,모름
경기전,20190315,KIA,KT,-1,-1,모름,모름
경기종료,20190315,한화,SK,2,8,송은범,서진용
경기종료,20190315,삼성,NC,1,3,최충연,윤강민
경기종료,20190315,키움,롯데,4,3,이보근,구승민
경기종료,20190316,KT,SK,2,6,배제성,문승원
경기종료,20190316,키움,두산,2,3,김상수,윤명준
경기종료,20190316,KIA,NC,2,2,모름,모름
경기종료,20190316,한화,롯데,6,1,박주홍,윤성빈
경기종료,20190316,삼성,LG,4,7,장필준,김정후
경기종료,20190317,KT,SK,1,3,손동현,이승진
경기종료,20190317,키움,두산,1,3,양기현,장원준
경기종료,20190317,KIA,NC,6,5,터너,루친스키
경기종료,20190317,한화,롯데,6,8,송은범,오현택
경기종료,20190317,삼성,LG,5,7,김시현,진해수
경기종료,20190319,SK,두산,3,2,김태훈,함덕주
경기종료,20190319,키움,KIA,4,3,이승호,김기훈
경기종료,20190319,롯데,삼성,6,0,김원중,윤성환
경기종료,20190319,KT,LG,3,3,모름,모름
경기종료,20190319,NC,한화,2,5,박진우,채드벨
경기전,20190320,KT,LG,-1,-1,모름,모름
경기종료,20190320,롯데,삼성,4,3,이인복,권오준
경기종료,20190320,SK,두산,1,0,다익손,후랭코프
경기종료,20190320,키움,KIA,2,0,김동준,유승철
경기종료,20190320,NC,한화,3,2,이재학,김성훈
경기전,20190323,롯데,키움,-1,-1,모름,모름
경기전,20190323,NC,삼성,-1,-1,모름,모름
경기전,20190323,KIA,LG,-1,-1,모름,모름
경기전,20190323,SK,KT,-1,-1,모름,모름
경기전,20190323,두산,한화,-1,-1,모름,모름
경기전,20190324,롯데,키움,-1,-1,모름,모름
경기전,20190324,NC,삼성,-1,-1,모름,모름
경기전,20190324,KIA,LG,-1,-1,모름,모름
경기전,20190324,SK,KT,-1,-1,모름,모름
경기전,20190324,두산,한화,-1,-1,모름,모름
경기전,20190326,두산,키움,-1,-1,모름,모름
경기전,20190326,롯데,삼성,-1,-1,모름,모름
경기전,20190326,SK,LG,-1,-1,모름,모름
경기전,20190326,NC,KT,-1,-1,모름,모름
경기전,20190326,KIA,한화,-1,-1,모름,모름
경기전,20190327,두산,키움,-1,-1,모름,모름
경기전,20190327,롯데,삼성,-1,-1,모름,모름
경기전,20190327,SK,LG,-1,-1,모름,모름
경기전,20190327,NC,KT,-1,-1,모름,모름
경기전,20190327,KIA,한화,-1,-1,모름,모름
경기전,20190328,두산,키움,-1,-1,모름,모름
경기전,20190328,롯데,삼성,-1,-1,모름,모름
경기전,20190328,SK,LG,-1,-1,모름,모름
경기전,20190328,NC,KT,-1,-1,모름,모름
경기전,20190328,KIA,한화,-1,-1,모름,모름
경기전,20190329,키움,SK,-1,-1,모름,모름
경기전,20190329,삼성,두산,-1,-1,모름,모름
경기전,20190329,한화,NC,-1,-1,모름,모름
경기전,20190329,LG,롯데,-1,-1,모름,모름
경기전,20190329,KT,KIA,-1,-1,모름,모름
경기전,20190330,키움,SK,-1,-1,모름,모름
경기전,20190330,삼성,두산,-1,-1,모름,모름
경기전,20190330,한화,NC,-1,-1,모름,모름
경기전,20190330,LG,롯데,-1,-1,모름,모름
경기전,20190330,KT,KIA,-1,-1,모름,모름
경기전,20190331,키움,SK,-1,-1,모름,모름
경기전,20190331,삼성,두산,-1,-1,모름,모름
경기전,20190331,한화,NC,-1,-1,모름,모름
경기전,20190331,LG,롯데,-1,-1,모름,모름
경기전,20190331,KT,KIA,-1,-1,모름,모름
경기전,20190402,NC,키움,-1,-1,모름,모름
경기전,20190402,SK,롯데,-1,-1,모름,모름
경기전,20190402,한화,LG,-1,-1,모름,모름
경기전,20190402,두산,KT,-1,-1,모름,모름
경기전,20190402,삼성,KIA,-1,-1,모름,모름
경기전,20190403,NC,키움,-1,-1,모름,모름
경기전,20190403,SK,롯데,-1,-1,모름,모름
경기전,20190403,한화,LG,-1,-1,모름,모름
경기전,20190403,두산,KT,-1,-1,모름,모름
경기전,20190403,삼성,KIA,-1,-1,모름,모름
경기전,20190404,NC,키움,-1,-1,모름,모름
경기전,20190404,SK,롯데,-1,-1,모름,모름
경기전,20190404,한화,LG,-1,-1,모름,모름
경기전,20190404,두산,KT,-1,-1,모름,모름
경기전,20190404,삼성,KIA,-1,-1,모름,모름
경기전,20190405,KIA,키움,-1,-1,모름,모름
경기전,20190405,SK,삼성,-1,-1,모름,모름
경기전,20190405,두산,NC,-1,-1,모름,모름
경기전,20190405,KT,LG,-1,-1,모름,모름
경기전,20190405,롯데,한화,-1,-1,모름,모름
경기전,20190406,KIA,키움,-1,-1,모름,모름
경기전,20190406,SK,삼성,-1,-1,모름,모름
경기전,20190406,두산,NC,-1,-1,모름,모름
경기전,20190406,KT,LG,-1,-1,모름,모름
경기전,20190406,롯데,한화,-1,-1,모름,모름
경기전,20190407,KIA,키움,-1,-1,모름,모름
경기전,20190407,SK,삼성,-1,-1,모름,모름
경기전,20190407,두산,NC,-1,-1,모름,모름
경기전,20190407,KT,LG,-1,-1,모름,모름
경기전,20190407,롯데,한화,-1,-1,모름,모름
경기전,20190409,LG,삼성,-1,-1,모름,모름
경기전,20190409,한화,SK,-1,-1,모름,모름
경기전,20190409,롯데,두산,-1,-1,모름,모름
경기전,20190409,KIA,NC,-1,-1,모름,모름
경기전,20190409,키움,KT,-1,-1,모름,모름
경기전,20190410,LG,삼성,-1,-1,모름,모름
경기전,20190410,한화,SK,-1,-1,모름,모름
경기전,20190410,롯데,두산,-1,-1,모름,모름
경기전,20190410,KIA,NC,-1,-1,모름,모름
경기전,20190410,키움,KT,-1,-1,모름,모름
경기전,20190411,LG,삼성,-1,-1,모름,모름
경기전,20190411,한화,SK,-1,-1,모름,모름
경기전,20190411,롯데,두산,-1,-1,모름,모름
경기전,20190411,KIA,NC,-1,-1,모름,모름
경기전,20190411,키움,KT,-1,-1,모름,모름
경기전,20190412,LG,두산,-1,-1,모름,모름
경기전,20190412,NC,롯데,-1,-1,모름,모름
경기전,20190412,삼성,KT,-1,-1,모름,모름
경기전,20190412,SK,KIA,-1,-1,모름,모름
경기전,20190412,키움,한화,-1,-1,모름,모름
경기전,20190413,LG,두산,-1,-1,모름,모름
경기전,20190413,NC,롯데,-1,-1,모름,모름
경기전,20190413,삼성,KT,-1,-1,모름,모름
경기전,20190413,SK,KIA,-1,-1,모름,모름
경기전,20190413,키움,한화,-1,-1,모름,모름
경기전,20190414,LG,두산,-1,-1,모름,모름
경기전,20190414,NC,롯데,-1,-1,모름,모름
경기전,20190414,삼성,KT,-1,-1,모름,모름
경기전,20190414,SK,KIA,-1,-1,모름,모름
경기전,20190414,키움,한화,-1,-1,모름,모름
경기전,20190416,삼성,키움,-1,-1,모름,모름
경기전,20190416,두산,SK,-1,-1,모름,모름
경기전,20190416,NC,LG,-1,-1,모름,모름
경기전,20190416,롯데,KIA,-1,-1,모름,모름
경기전,20190416,KT,한화,-1,-1,모름,모름
경기전,20190417,삼성,키움,-1,-1,모름,모름
경기전,20190417,두산,SK,-1,-1,모름,모름
경기전,20190417,NC,LG,-1,-1,모름,모름
경기전,20190417,롯데,KIA,-1,-1,모름,모름
경기전,20190417,KT,한화,-1,-1,모름,모름
경기전,20190418,삼성,키움,-1,-1,모름,모름
경기전,20190418,두산,SK,-1,-1,모름,모름
경기전,20190418,NC,LG,-1,-1,모름,모름
경기전,20190418,롯데,KIA,-1,-1,모름,모름
경기전,20190418,KT,한화,-1,-1,모름,모름
경기전,20190419,LG,키움,-1,-1,모름,모름
경기전,20190419,한화,삼성,-1,-1,모름,모름
경기전,20190419,KIA,두산,-1,-1,모름,모름
경기전,20190419,SK,NC,-1,-1,모름,모름
경기전,20190419,롯데,KT,-1,-1,모름,모름
경기전,20190420,LG,키움,-1,-1,모름,모름
경기전,20190420,한화,삼성,-1,-1,모름,모름
경기전,20190420,KIA,두산,-1,-1,모름,모름
경기전,20190420,SK,NC,-1,-1,모름,모름
경기전,20190420,롯데,KT,-1,-1,모름,모름
경기전,20190421,LG,키움,-1,-1,모름,모름
경기전,20190421,한화,삼성,-1,-1,모름,모름
경기전,20190421,KIA,두산,-1,-1,모름,모름
경기전,20190421,SK,NC,-1,-1,모름,모름
경기전,20190421,롯데,KT,-1,-1,모름,모름
경기전,20190423,삼성,SK,-1,-1,모름,모름
경기전,20190423,키움,두산,-1,-1,모름,모름
경기전,20190423,KT,NC,-1,-1,모름,모름
경기전,20190423,한화,롯데,-1,-1,모름,모름
경기전,20190423,LG,KIA,-1,-1,모름,모름
경기전,20190424,삼성,SK,-1,-1,모름,모름
경기전,20190424,키움,두산,-1,-1,모름,모름
경기전,20190424,KT,NC,-1,-1,모름,모름
경기전,20190424,한화,롯데,-1,-1,모름,모름
경기전,20190424,LG,KIA,-1,-1,모름,모름
경기전,20190425,삼성,SK,-1,-1,모름,모름
경기전,20190425,키움,두산,-1,-1,모름,모름
경기전,20190425,KT,NC,-1,-1,모름,모름
경기전,20190425,한화,롯데,-1,-1,모름,모름
경기전,20190425,LG,KIA,-1,-1,모름,모름
경기전,20190426,KT,SK,-1,-1,모름,모름
경기전,20190426,두산,롯데,-1,-1,모름,모름
경기전,20190426,삼성,LG,-1,-1,모름,모름
경기전,20190426,키움,KIA,-1,-1,모름,모름
경기전,20190426,NC,한화,-1,-1,모름,모름
경기전,20190427,KT,SK,-1,-1,모름,모름
경기전,20190427,두산,롯데,-1,-1,모름,모름
경기전,20190427,삼성,LG,-1,-1,모름,모름
경기전,20190427,키움,KIA,-1,-1,모름,모름
경기전,20190427,NC,한화,-1,-1,모름,모름
경기전,20190428,KT,SK,-1,-1,모름,모름
경기전,20190428,두산,롯데,-1,-1,모름,모름
경기전,20190428,삼성,LG,-1,-1,모름,모름
경기전,20190428,키움,KIA,-1,-1,모름,모름
경기전,20190428,NC,한화,-1,-1,모름,모름
경기전,20190430,SK,키움,-1,-1,모름,모름
경기전,20190430,KIA,삼성,-1,-1,모름,모름
경기전,20190430,한화,두산,-1,-1,모름,모름
경기전,20190430,롯데,NC,-1,-1,모름,모름
경기전,20190430,LG,KT,-1,-1,모름,모름
경기전,20190501,SK,키움,-1,-1,모름,모름
경기전,20190501,KIA,삼성,-1,-1,모름,모름
경기전,20190501,한화,두산,-1,-1,모름,모름
경기전,20190501,롯데,NC,-1,-1,모름,모름
경기전,20190501,LG,KT,-1,-1,모름,모름
경기전,20190502,SK,키움,-1,-1,모름,모름
경기전,20190502,KIA,삼성,-1,-1,모름,모름
경기전,20190502,한화,두산,-1,-1,모름,모름
경기전,20190502,롯데,NC,-1,-1,모름,모름
경기전,20190502,LG,KT,-1,-1,모름,모름
경기전,20190503,키움,삼성,-1,-1,모름,모름
경기전,20190503,롯데,SK,-1,-1,모름,모름
경기전,20190503,두산,LG,-1,-1,모름,모름
경기전,20190503,한화,KT,-1,-1,모름,모름
경기전,20190503,NC,KIA,-1,-1,모름,모름
경기전,20190504,키움,삼성,-1,-1,모름,모름
경기전,20190504,롯데,SK,-1,-1,모름,모름
경기전,20190504,두산,LG,-1,-1,모름,모름
경기전,20190504,한화,KT,-1,-1,모름,모름
경기전,20190504,NC,KIA,-1,-1,모름,모름
경기전,20190505,키움,삼성,-1,-1,모름,모름
경기전,20190505,롯데,SK,-1,-1,모름,모름
경기전,20190505,두산,LG,-1,-1,모름,모름
경기전,20190505,한화,KT,-1,-1,모름,모름
경기전,20190505,NC,KIA,-1,-1,모름,모름
경기전,20190507,삼성,NC,-1,-1,모름,모름
경기전,20190507,KT,롯데,-1,-1,모름,모름
경기전,20190507,키움,LG,-1,-1,모름,모름
경기전,20190507,두산,KIA,-1,-1,모름,모름
경기전,20190507,SK,한화,-1,-1,모름,모름
경기전,20190508,삼성,NC,-1,-1,모름,모름
경기전,20190508,KT,롯데,-1,-1,모름,모름
경기전,20190508,키움,LG,-1,-1,모름,모름
경기전,20190508,두산,KIA,-1,-1,모름,모름
경기전,20190508,SK,한화,-1,-1,모름,모름
경기전,20190509,삼성,NC,-1,-1,모름,모름
경기전,20190509,KT,롯데,-1,-1,모름,모름
경기전,20190509,키움,LG,-1,-1,모름,모름
경기전,20190509,두산,KIA,-1,-1,모름,모름
경기전,20190509,SK,한화,-1,-1,모름,모름
경기전,20190510,KT,키움,-1,-1,모름,모름
경기전,20190510,KIA,SK,-1,-1,모름,모름
경기전,20190510,NC,두산,-1,-1,모름,모름
경기전,20190510,삼성,롯데,-1,-1,모름,모름
경기전,20190510,LG,한화,-1,-1,모름,모름
경기전,20190511,KT,키움,-1,-1,모름,모름
경기전,20190511,KIA,SK,-1,-1,모름,모름
경기전,20190511,NC,두산,-1,-1,모름,모름
경기전,20190511,삼성,롯데,-1,-1,모름,모름
경기전,20190511,LG,한화,-1,-1,모름,모름
경기전,20190512,KT,키움,-1,-1,모름,모름
경기전,20190512,KIA,SK,-1,-1,모름,모름
경기전,20190512,NC,두산,-1,-1,모름,모름
경기전,20190512,삼성,롯데,-1,-1,모름,모름
경기전,20190512,LG,한화,-1,-1,모름,모름
경기전,20190514,한화,키움,-1,-1,모름,모름
경기전,20190514,두산,삼성,-1,-1,모름,모름
경기전,20190514,NC,SK,-1,-1,모름,모름
경기전,20190514,롯데,LG,-1,-1,모름,모름
경기전,20190514,KIA,KT,-1,-1,모름,모름
경기전,20190515,한화,키움,-1,-1,모름,모름
경기전,20190515,두산,삼성,-1,-1,모름,모름
경기전,20190515,NC,SK,-1,-1,모름,모름
경기전,20190515,롯데,LG,-1,-1,모름,모름
경기전,20190515,KIA,KT,-1,-1,모름,모름
경기전,20190516,한화,키움,-1,-1,모름,모름
경기전,20190516,두산,삼성,-1,-1,모름,모름
경기전,20190516,NC,SK,-1,-1,모름,모름
경기전,20190516,롯데,LG,-1,-1,모름,모름
경기전,20190516,KIA,KT,-1,-1,모름,모름
경기전,20190517,KT,삼성,-1,-1,모름,모름
경기전,20190517,SK,두산,-1,-1,모름,모름
경기전,20190517,LG,NC,-1,-1,모름,모름
경기전,20190517,키움,롯데,-1,-1,모름,모름
경기전,20190517,한화,KIA,-1,-1,모름,모름
경기전,20190518,KT,삼성,-1,-1,모름,모름
경기전,20190518,SK,두산,-1,-1,모름,모름
경기전,20190518,LG,NC,-1,-1,모름,모름
경기전,20190518,키움,롯데,-1,-1,모름,모름
경기전,20190518,한화,KIA,-1,-1,모름,모름
경기전,20190519,KT,삼성,-1,-1,모름,모름
경기전,20190519,SK,두산,-1,-1,모름,모름
경기전,20190519,LG,NC,-1,-1,모름,모름
경기전,20190519,키움,롯데,-1,-1,모름,모름
경기전,20190519,한화,KIA,-1,-1,모름,모름
경기전,20190521,LG,SK,-1,-1,모름,모름
경기전,20190521,KT,두산,-1,-1,모름,모름
경기전,20190521,키움,NC,-1,-1,모름,모름
경기전,20190521,KIA,롯데,-1,-1,모름,모름
경기전,20190521,삼성,한화,-1,-1,모름,모름
경기전,20190522,LG,SK,-1,-1,모름,모름
경기전,20190522,KT,두산,-1,-1,모름,모름
경기전,20190522,키움,NC,-1,-1,모름,모름
경기전,20190522,KIA,롯데,-1,-1,모름,모름
경기전,20190522,삼성,한화,-1,-1,모름,모름
경기전,20190523,LG,SK,-1,-1,모름,모름
경기전,20190523,KT,두산,-1,-1,모름,모름
경기전,20190523,키움,NC,-1,-1,모름,모름
경기전,20190523,KIA,롯데,-1,-1,모름,모름
경기전,20190523,삼성,한화,-1,-1,모름,모름
경기전,20190524,삼성,키움,-1,-1,모름,모름
경기전,20190524,NC,SK,-1,-1,모름,모름
경기전,20190524,롯데,LG,-1,-1,모름,모름
경기전,20190524,KIA,KT,-1,-1,모름,모름
경기전,20190524,두산,한화,-1,-1,모름,모름
경기전,20190525,삼성,키움,-1,-1,모름,모름
경기전,20190525,NC,SK,-1,-1,모름,모름
경기전,20190525,롯데,LG,-1,-1,모름,모름
경기전,20190525,KIA,KT,-1,-1,모름,모름
경기전,20190525,두산,한화,-1,-1,모름,모름
경기전,20190526,삼성,키움,-1,-1,모름,모름
경기전,20190526,NC,SK,-1,-1,모름,모름
경기전,20190526,롯데,LG,-1,-1,모름,모름
경기전,20190526,KIA,KT,-1,-1,모름,모름
경기전,20190526,두산,한화,-1,-1,모름,모름
경기전,20190528,두산,삼성,-1,-1,모름,모름
경기전,20190528,NC,롯데,-1,-1,모름,모름
경기전,20190528,키움,LG,-1,-1,모름,모름
경기전,20190528,SK,KT,-1,-1,모름,모름
경기전,20190528,한화,KIA,-1,-1,모름,모름
경기전,20190529,두산,삼성,-1,-1,모름,모름
경기전,20190529,NC,롯데,-1,-1,모름,모름
경기전,20190529,키움,LG,-1,-1,모름,모름
경기전,20190529,SK,KT,-1,-1,모름,모름
경기전,20190529,한화,KIA,-1,-1,모름,모름
경기전,20190530,두산,삼성,-1,-1,모름,모름
경기전,20190530,NC,롯데,-1,-1,모름,모름
경기전,20190530,키움,LG,-1,-1,모름,모름
경기전,20190530,SK,KT,-1,-1,모름,모름
경기전,20190530,한화,KIA,-1,-1,모름,모름
경기전,20190531,KIA,키움,-1,-1,모름,모름
경기전,20190531,롯데,삼성,-1,-1,모름,모름
경기전,20190531,KT,두산,-1,-1,모름,모름
경기전,20190531,LG,NC,-1,-1,모름,모름
경기전,20190531,SK,한화,-1,-1,모름,모름
경기전,20190601,KIA,키움,-1,-1,모름,모름
경기전,20190601,롯데,삼성,-1,-1,모름,모름
경기전,20190601,KT,두산,-1,-1,모름,모름
경기전,20190601,LG,NC,-1,-1,모름,모름
경기전,20190601,SK,한화,-1,-1,모름,모름
경기전,20190602,KIA,키움,-1,-1,모름,모름
경기전,20190602,롯데,삼성,-1,-1,모름,모름
경기전,20190602,KT,두산,-1,-1,모름,모름
경기전,20190602,LG,NC,-1,-1,모름,모름
경기전,20190602,SK,한화,-1,-1,모름,모름
경기전,20190604,키움,SK,-1,-1,모름,모름
경기전,20190604,KIA,두산,-1,-1,모름,모름
경기전,20190604,삼성,NC,-1,-1,모름,모름
경기전,20190604,LG,KT,-1,-1,모름,모름
경기전,20190604,롯데,한화,-1,-1,모름,모름
경기전,20190605,키움,SK,-1,-1,모름,모름
경기전,20190605,KIA,두산,-1,-1,모름,모름
경기전,20190605,삼성,NC,-1,-1,모름,모름
경기전,20190605,LG,KT,-1,-1,모름,모름
경기전,20190605,롯데,한화,-1,-1,모름,모름
경기전,20190606,키움,SK,-1,-1,모름,모름
경기전,20190606,KIA,두산,-1,-1,모름,모름
경기전,20190606,삼성,NC,-1,-1,모름,모름
경기전,20190606,LG,KT,-1,-1,모름,모름
경기전,20190606,롯데,한화,-1,-1,모름,모름
경기전,20190607,두산,키움,-1,-1,모름,모름
경기전,20190607,SK,삼성,-1,-1,모름,모름
경기전,20190607,KT,롯데,-1,-1,모름,모름
경기전,20190607,한화,LG,-1,-1,모름,모름
경기전,20190607,NC,KIA,-1,-1,모름,모름
경기전,20190608,두산,키움,-1,-1,모름,모름
경기전,20190608,SK,삼성,-1,-1,모름,모름
경기전,20190608,KT,롯데,-1,-1,모름,모름
경기전,20190608,한화,LG,-1,-1,모름,모름
경기전,20190608,NC,KIA,-1,-1,모름,모름
경기전,20190609,두산,키움,-1,-1,모름,모름
경기전,20190609,SK,삼성,-1,-1,모름,모름
경기전,20190609,KT,롯데,-1,-1,모름,모름
경기전,20190609,한화,LG,-1,-1,모름,모름
경기전,20190609,NC,KIA,-1,-1,모름,모름
경기전,20190611,NC,키움,-1,-1,모름,모름
경기전,20190611,KIA,삼성,-1,-1,모름,모름
경기전,20190611,KT,SK,-1,-1,모름,모름
경기전,20190611,한화,두산,-1,-1,모름,모름
경기전,20190611,LG,롯데,-1,-1,모름,모름
경기전,20190612,NC,키움,-1,-1,모름,모름
경기전,20190612,KIA,삼성,-1,-1,모름,모름
경기전,20190612,KT,SK,-1,-1,모름,모름
경기전,20190612,한화,두산,-1,-1,모름,모름
경기전,20190612,LG,롯데,-1,-1,모름,모름
경기전,20190613,NC,키움,-1,-1,모름,모름
경기전,20190613,KIA,삼성,-1,-1,모름,모름
경기전,20190613,KT,SK,-1,-1,모름,모름
경기전,20190613,한화,두산,-1,-1,모름,모름
경기전,20190613,LG,롯데,-1,-1,모름,모름
경기전,20190614,SK,NC,-1,-1,모름,모름
경기전,20190614,두산,LG,-1,-1,모름,모름
경기전,20190614,삼성,KT,-1,-1,모름,모름
경기전,20190614,롯데,KIA,-1,-1,모름,모름
경기전,20190614,키움,한화,-1,-1,모름,모름
경기전,20190615,SK,NC,-1,-1,모름,모름
경기전,20190615,두산,LG,-1,-1,모름,모름
경기전,20190615,삼성,KT,-1,-1,모름,모름
경기전,20190615,롯데,KIA,-1,-1,모름,모름
경기전,20190615,키움,한화,-1,-1,모름,모름
경기전,20190616,SK,NC,-1,-1,모름,모름
경기전,20190616,두산,LG,-1,-1,모름,모름
경기전,20190616,삼성,KT,-1,-1,모름,모름
경기전,20190616,롯데,KIA,-1,-1,모름,모름
경기전,20190616,키움,한화,-1,-1,모름,모름
경기전,20190618,KIA,SK,-1,-1,모름,모름
경기전,20190618,두산,NC,-1,-1,모름,모름
경기전,20190618,한화,롯데,-1,-1,모름,모름
경기전,20190618,삼성,LG,-1,-1,모름,모름
경기전,20190618,키움,KT,-1,-1,모름,모름
경기전,20190619,KIA,SK,-1,-1,모름,모름
경기전,20190619,두산,NC,-1,-1,모름,모름
경기전,20190619,한화,롯데,-1,-1,모름,모름
경기전,20190619,삼성,LG,-1,-1,모름,모름
경기전,20190619,키움,KT,-1,-1,모름,모름
경기전,20190620,KIA,SK,-1,-1,모름,모름
경기전,20190620,두산,NC,-1,-1,모름,모름
경기전,20190620,한화,롯데,-1,-1,모름,모름
경기전,20190620,삼성,LG,-1,-1,모름,모름
경기전,20190620,키움,KT,-1,-1,모름,모름
경기전,20190621,롯데,키움,-1,-1,모름,모름
경기전,20190621,한화,삼성,-1,-1,모름,모름
경기전,20190621,SK,두산,-1,-1,모름,모름
경기전,20190621,KT,NC,-1,-1,모름,모름
경기전,20190621,LG,KIA,-1,-1,모름,모름
경기전,20190622,롯데,키움,-1,-1,모름,모름
경기전,20190622,한화,삼성,-1,-1,모름,모름
경기전,20190622,SK,두산,-1,-1,모름,모름
경기전,20190622,KT,NC,-1,-1,모름,모름
경기전,20190622,LG,KIA,-1,-1,모름,모름
경기전,20190623,롯데,키움,-1,-1,모름,모름
경기전,20190623,한화,삼성,-1,-1,모름,모름
경기전,20190623,SK,두산,-1,-1,모름,모름
경기전,20190623,KT,NC,-1,-1,모름,모름
경기전,20190623,LG,KIA,-1,-1,모름,모름
경기전,20190625,LG,SK,-1,-1,모름,모름
경기전,20190625,삼성,두산,-1,-1,모름,모름
경기전,20190625,롯데,KT,-1,-1,모름,모름
경기전,20190625,키움,KIA,-1,-1,모름,모름
경기전,20190625,NC,한화,-1,-1,모름,모름
경기전,20190626,LG,SK,-1,-1,모름,모름
경기전,20190626,삼성,두산,-1,-1,모름,모름
경기전,20190626,롯데,KT,-1,-1,모름,모름
경기전,20190626,키움,KIA,-1,-1,모름,모름
경기전,20190626,NC,한화,-1,-1,모름,모름
경기전,20190627,LG,SK,-1,-1,모름,모름
경기전,20190627,삼성,두산,-1,-1,모름,모름
경기전,20190627,롯데,KT,-1,-1,모름,모름
경기전,20190627,키움,KIA,-1,-1,모름,모름
경기전,20190627,NC,한화,-1,-1,모름,모름
경기전,20190628,한화,키움,-1,-1,모름,모름
경기전,20190628,삼성,SK,-1,-1,모름,모름
경기전,20190628,두산,롯데,-1,-1,모름,모름
경기전,20190628,NC,LG,-1,-1,모름,모름
경기전,20190628,KT,KIA,-1,-1,모름,모름
경기전,20190629,한화,키움,-1,-1,모름,모름
경기전,20190629,삼성,SK,-1,-1,모름,모름
경기전,20190629,두산,롯데,-1,-1,모름,모름
경기전,20190629,NC,LG,-1,-1,모름,모름
경기전,20190629,KT,KIA,-1,-1,모름,모름
경기전,20190630,한화,키움,-1,-1,모름,모름
경기전,20190630,삼성,SK,-1,-1,모름,모름
경기전,20190630,두산,롯데,-1,-1,모름,모름
경기전,20190630,NC,LG,-1,-1,모름,모름
경기전,20190630,KT,KIA,-1,-1,모름,모름
경기전,20190702,KT,삼성,-1,-1,모름,모름
경기전,20190702,키움,두산,-1,-1,모름,모름
경기전,20190702,KIA,NC,-1,-1,모름,모름
경기전,20190702,SK,롯데,-1,-1,모름,모름
경기전,20190702,LG,한화,-1,-1,모름,모름
경기전,20190703,KT,삼성,-1,-1,모름,모름
경기전,20190703,키움,두산,-1,-1,모름,모름
경기전,20190703,KIA,NC,-1,-1,모름,모름
경기전,20190703,SK,롯데,-1,-1,모름,모름
경기전,20190703,LG,한화,-1,-1,모름,모름
경기전,20190704,KT,삼성,-1,-1,모름,모름
경기전,20190704,키움,두산,-1,-1,모름,모름
경기전,20190704,KIA,NC,-1,-1,모름,모름
경기전,20190704,SK,롯데,-1,-1,모름,모름
경기전,20190704,LG,한화,-1,-1,모름,모름
경기전,20190705,NC,삼성,-1,-1,모름,모름
경기전,20190705,두산,SK,-1,-1,모름,모름
경기전,20190705,키움,롯데,-1,-1,모름,모름
경기전,20190705,KIA,LG,-1,-1,모름,모름
경기전,20190705,한화,KT,-1,-1,모름,모름
경기전,20190706,NC,삼성,-1,-1,모름,모름
경기전,20190706,두산,SK,-1,-1,모름,모름
경기전,20190706,키움,롯데,-1,-1,모름,모름
경기전,20190706,KIA,LG,-1,-1,모름,모름
경기전,20190706,한화,KT,-1,-1,모름,모름
경기전,20190707,NC,삼성,-1,-1,모름,모름
경기전,20190707,두산,SK,-1,-1,모름,모름
경기전,20190707,키움,롯데,-1,-1,모름,모름
경기전,20190707,KIA,LG,-1,-1,모름,모름
경기전,20190707,한화,KT,-1,-1,모름,모름
경기전,20190709,KT,키움,-1,-1,모름,모름
경기전,20190709,한화,SK,-1,-1,모름,모름
경기전,20190709,LG,두산,-1,-1,모름,모름
경기전,20190709,롯데,NC,-1,-1,모름,모름
경기전,20190709,삼성,KIA,-1,-1,모름,모름
경기전,20190710,KT,키움,-1,-1,모름,모름
경기전,20190710,한화,SK,-1,-1,모름,모름
경기전,20190710,LG,두산,-1,-1,모름,모름
경기전,20190710,롯데,NC,-1,-1,모름,모름
경기전,20190710,삼성,KIA,-1,-1,모름,모름
경기전,20190711,KT,키움,-1,-1,모름,모름
경기전,20190711,한화,SK,-1,-1,모름,모름
경기전,20190711,LG,두산,-1,-1,모름,모름
경기전,20190711,롯데,NC,-1,-1,모름,모름
경기전,20190711,삼성,KIA,-1,-1,모름,모름
경기전,20190712,SK,키움,-1,-1,모름,모름
경기전,20190712,LG,삼성,-1,-1,모름,모름
경기전,20190712,롯데,두산,-1,-1,모름,모름
경기전,20190712,NC,KT,-1,-1,모름,모름
경기전,20190712,KIA,한화,-1,-1,모름,모름
경기전,20190713,SK,키움,-1,-1,모름,모름
경기전,20190713,LG,삼성,-1,-1,모름,모름
경기전,20190713,롯데,두산,-1,-1,모름,모름
경기전,20190713,NC,KT,-1,-1,모름,모름
경기전,20190713,KIA,한화,-1,-1,모름,모름
경기전,20190714,SK,키움,-1,-1,모름,모름
경기전,20190714,LG,삼성,-1,-1,모름,모름
경기전,20190714,롯데,두산,-1,-1,모름,모름
경기전,20190714,NC,KT,-1,-1,모름,모름
경기전,20190714,KIA,한화,-1,-1,모름,모름
경기전,20190716,키움,삼성,-1,-1,모름,모름
경기전,20190716,한화,NC,-1,-1,모름,모름
경기전,20190716,KIA,롯데,-1,-1,모름,모름
경기전,20190716,SK,LG,-1,-1,모름,모름
경기전,20190716,두산,KT,-1,-1,모름,모름
경기전,20190717,키움,삼성,-1,-1,모름,모름
경기전,20190717,한화,NC,-1,-1,모름,모름
경기전,20190717,KIA,롯데,-1,-1,모름,모름
경기전,20190717,SK,LG,-1,-1,모름,모름
경기전,20190717,두산,KT,-1,-1,모름,모름
경기전,20190718,키움,삼성,-1,-1,모름,모름
경기전,20190718,한화,NC,-1,-1,모름,모름
경기전,20190718,KIA,롯데,-1,-1,모름,모름
경기전,20190718,SK,LG,-1,-1,모름,모름
경기전,20190718,두산,KT,-1,-1,모름,모름
경기전,20190726,롯데,SK,-1,-1,모름,모름
경기전,20190726,키움,NC,-1,-1,모름,모름
경기전,20190726,KT,LG,-1,-1,모름,모름
경기전,20190726,두산,KIA,-1,-1,모름,모름
경기전,20190726,삼성,한화,-1,-1,모름,모름
경기전,20190727,롯데,SK,-1,-1,모름,모름
경기전,20190727,키움,NC,-1,-1,모름,모름
경기전,20190727,KT,LG,-1,-1,모름,모름
경기전,20190727,두산,KIA,-1,-1,모름,모름
경기전,20190727,삼성,한화,-1,-1,모름,모름
경기전,20190728,롯데,SK,-1,-1,모름,모름
경기전,20190728,키움,NC,-1,-1,모름,모름
경기전,20190728,KT,LG,-1,-1,모름,모름
경기전,20190728,두산,KIA,-1,-1,모름,모름
경기전,20190728,삼성,한화,-1,-1,모름,모름
경기전,20190730,LG,키움,-1,-1,모름,모름
경기전,20190730,NC,두산,-1,-1,모름,모름
경기전,20190730,삼성,롯데,-1,-1,모름,모름
경기전,20190730,SK,KIA,-1,-1,모름,모름
경기전,20190730,KT,한화,-1,-1,모름,모름
경기전,20190731,LG,키움,-1,-1,모름,모름
경기전,20190731,NC,두산,-1,-1,모름,모름
경기전,20190731,삼성,롯데,-1,-1,모름,모름
경기전,20190731,SK,KIA,-1,-1,모름,모름
경기전,20190731,KT,한화,-1,-1,모름,모름
경기전,20190801,LG,키움,-1,-1,모름,모름
경기전,20190801,NC,두산,-1,-1,모름,모름
경기전,20190801,삼성,롯데,-1,-1,모름,모름
경기전,20190801,SK,KIA,-1,-1,모름,모름
경기전,20190801,KT,한화,-1,-1,모름,모름
경기전,20190803,LG,삼성,-1,-1,모름,모름
경기전,20190803,한화,SK,-1,-1,모름,모름
경기전,20190803,롯데,두산,-1,-1,모름,모름
경기전,20190803,KIA,NC,-1,-1,모름,모름
경기전,20190803,키움,KT,-1,-1,모름,모름
경기전,20190804,LG,삼성,-1,-1,모름,모름
경기전,20190804,한화,SK,-1,-1,모름,모름
경기전,20190804,롯데,두산,-1,-1,모름,모름
경기전,20190804,KIA,NC,-1,-1,모름,모름
경기전,20190804,키움,KT,-1,-1,모름,모름
경기전,20190806,롯데,키움,-1,-1,모름,모름
경기전,20190806,NC,삼성,-1,-1,모름,모름
경기전,20190806,KIA,LG,-1,-1,모름,모름
경기전,20190806,SK,KT,-1,-1,모름,모름
경기전,20190806,두산,한화,-1,-1,모름,모름
경기전,20190807,롯데,키움,-1,-1,모름,모름
경기전,20190807,NC,삼성,-1,-1,모름,모름
경기전,20190807,KIA,LG,-1,-1,모름,모름
경기전,20190807,SK,KT,-1,-1,모름,모름
경기전,20190807,두산,한화,-1,-1,모름,모름
경기전,20190808,키움,SK,-1,-1,모름,모름
경기전,20190808,삼성,롯데,-1,-1,모름,모름
경기전,20190808,NC,LG,-1,-1,모름,모름
경기전,20190808,두산,KT,-1,-1,모름,모름
경기전,20190808,KIA,한화,-1,-1,모름,모름
경기전,20190809,키움,SK,-1,-1,모름,모름
경기전,20190809,삼성,롯데,-1,-1,모름,모름
경기전,20190809,NC,LG,-1,-1,모름,모름
경기전,20190809,두산,KT,-1,-1,모름,모름
경기전,20190809,KIA,한화,-1,-1,모름,모름
경기전,20190810,LG,SK,-1,-1,모름,모름
경기전,20190810,키움,두산,-1,-1,모름,모름
경기전,20190810,NC,롯데,-1,-1,모름,모름
경기전,20190810,삼성,KIA,-1,-1,모름,모름
경기전,20190810,KT,한화,-1,-1,모름,모름
경기전,20190811,LG,SK,-1,-1,모름,모름
경기전,20190811,키움,두산,-1,-1,모름,모름
경기전,20190811,NC,롯데,-1,-1,모름,모름
경기전,20190811,삼성,KIA,-1,-1,모름,모름
경기전,20190811,KT,한화,-1,-1,모름,모름
경기전,20190813,LG,키움,-1,-1,모름,모름
경기전,20190813,SK,삼성,-1,-1,모름,모름
경기전,20190813,KIA,두산,-1,-1,모름,모름
경기전,20190813,한화,NC,-1,-1,모름,모름
경기전,20190813,롯데,KT,-1,-1,모름,모름
경기전,20190814,LG,키움,-1,-1,모름,모름
경기전,20190814,SK,삼성,-1,-1,모름,모름
경기전,20190814,KIA,두산,-1,-1,모름,모름
경기전,20190814,한화,NC,-1,-1,모름,모름
경기전,20190814,롯데,KT,-1,-1,모름,모름
경기전,20190815,KT,삼성,-1,-1,모름,모름
경기전,20190815,KIA,SK,-1,-1,모름,모름
경기전,20190815,키움,NC,-1,-1,모름,모름
경기전,20190815,두산,LG,-1,-1,모름,모름
경기전,20190815,롯데,한화,-1,-1,모름,모름
경기전,20190816,KT,삼성,-1,-1,모름,모름
경기전,20190816,KIA,SK,-1,-1,모름,모름
경기전,20190816,키움,NC,-1,-1,모름,모름
경기전,20190816,두산,LG,-1,-1,모름,모름
경기전,20190816,롯데,한화,-1,-1,모름,모름
경기전,20190817,NC,SK,-1,-1,모름,모름
경기전,20190817,두산,롯데,-1,-1,모름,모름
경기전,20190817,삼성,LG,-1,-1,모름,모름
경기전,20190817,KIA,KT,-1,-1,모름,모름
경기전,20190817,키움,한화,-1,-1,모름,모름
경기전,20190818,NC,SK,-1,-1,모름,모름
경기전,20190818,두산,롯데,-1,-1,모름,모름
경기전,20190818,삼성,LG,-1,-1,모름,모름
경기전,20190818,KIA,KT,-1,-1,모름,모름
경기전,20190818,키움,한화,-1,-1,모름,모름
경기전,20190820,KT,키움,-1,-1,모름,모름
경기전,20190820,한화,삼성,-1,-1,모름,모름
경기전,20190820,NC,두산,-1,-1,모름,모름
경기전,20190820,SK,롯데,-1,-1,모름,모름
경기전,20190820,LG,KIA,-1,-1,모름,모름
경기전,20190821,KT,키움,-1,-1,모름,모름
경기전,20190821,한화,삼성,-1,-1,모름,모름
경기전,20190821,NC,두산,-1,-1,모름,모름
경기전,20190821,SK,롯데,-1,-1,모름,모름
경기전,20190821,LG,KIA,-1,-1,모름,모름
경기전,20190822,삼성,두산,-1,-1,모름,모름
경기전,20190822,LG,NC,-1,-1,모름,모름
경기전,20190822,KT,롯데,-1,-1,모름,모름
경기전,20190822,키움,KIA,-1,-1,모름,모름
경기전,20190822,SK,한화,-1,-1,모름,모름
경기전,20190823,삼성,두산,-1,-1,모름,모름
경기전,20190823,LG,NC,-1,-1,모름,모름
경기전,20190823,KT,롯데,-1,-1,모름,모름
경기전,20190823,키움,KIA,-1,-1,모름,모름
경기전,20190823,SK,한화,-1,-1,모름,모름
경기전,20190824,삼성,키움,-1,-1,모름,모름
경기전,20190824,한화,두산,-1,-1,모름,모름
경기전,20190824,롯데,NC,-1,-1,모름,모름
경기전,20190824,LG,KT,-1,-1,모름,모름
경기전,20190824,SK,KIA,-1,-1,모름,모름
경기전,20190825,삼성,키움,-1,-1,모름,모름
경기전,20190825,한화,두산,-1,-1,모름,모름
경기전,20190825,롯데,NC,-1,-1,모름,모름
경기전,20190825,LG,KT,-1,-1,모름,모름
경기전,20190825,SK,KIA,-1,-1,모름,모름
경기전,20190827,한화,키움,-1,-1,모름,모름
경기전,20190827,KIA,삼성,-1,-1,모름,모름
경기전,20190827,두산,SK,-1,-1,모름,모름
경기전,20190827,롯데,LG,-1,-1,모름,모름
경기전,20190827,NC,KT,-1,-1,모름,모름
경기전,20190828,한화,키움,-1,-1,모름,모름
경기전,20190828,KIA,삼성,-1,-1,모름,모름
경기전,20190828,두산,SK,-1,-1,모름,모름
경기전,20190828,롯데,LG,-1,-1,모름,모름
경기전,20190828,NC,KT,-1,-1,모름,모름
경기전,20190829,삼성,SK,-1,-1,모름,모름
경기전,20190829,KT,두산,-1,-1,모름,모름
경기전,20190829,키움,롯데,-1,-1,모름,모름
경기전,20190829,NC,KIA,-1,-1,모름,모름
경기전,20190829,LG,한화,-1,-1,모름,모름
경기전,20190830,삼성,SK,-1,-1,모름,모름
경기전,20190830,KT,두산,-1,-1,모름,모름
경기전,20190830,키움,롯데,-1,-1,모름,모름
경기전,20190830,NC,KIA,-1,-1,모름,모름
경기전,20190830,LG,한화,-1,-1,모름,모름
경기전,20190831,NC,키움,-1,-1,모름,모름
경기전,20190831,두산,삼성,-1,-1,모름,모름
경기전,20190831,KIA,롯데,-1,-1,모름,모름
경기전,20190831,SK,LG,-1,-1,모름,모름
경기전,20190831,한화,KT,-1,-1,모름,모름
경기전,20190901,NC,키움,-1,-1,모름,모름
경기전,20190901,두산,삼성,-1,-1,모름,모름
경기전,20190901,KIA,롯데,-1,-1,모름,모름
경기전,20190901,SK,LG,-1,-1,모름,모름
경기전,20190901,한화,KT,-1,-1,모름,모름
경기전,20190903,두산,키움,-1,-1,모름,모름
경기전,20190903,롯데,삼성,-1,-1,모름,모름
경기전,20190903,SK,NC,-1,-1,모름,모름
경기전,20190903,KT,LG,-1,-1,모름,모름
경기전,20190903,한화,KIA,-1,-1,모름,모름
경기전,20190904,두산,키움,-1,-1,모름,모름
경기전,20190904,롯데,삼성,-1,-1,모름,모름
경기전,20190904,SK,NC,-1,-1,모름,모름
경기전,20190904,KT,LG,-1,-1,모름,모름
경기전,20190904,한화,KIA,-1,-1,모름,모름
경기전,20190905,키움,삼성,-1,-1,모름,모름
경기전,20190905,SK,두산,-1,-1,모름,모름
경기전,20190905,LG,롯데,-1,-1,모름,모름
경기전,20190905,KT,KIA,-1,-1,모름,모름
경기전,20190905,NC,한화,-1,-1,모름,모름
경기전,20190906,키움,삼성,-1,-1,모름,모름
경기전,20190906,SK,두산,-1,-1,모름,모름
경기전,20190906,LG,롯데,-1,-1,모름,모름
경기전,20190906,KT,KIA,-1,-1,모름,모름
경기전,20190906,NC,한화,-1,-1,모름,모름
경기전,20190907,KIA,키움,-1,-1,모름,모름
경기전,20190907,KT,SK,-1,-1,모름,모름
경기전,20190907,LG,두산,-1,-1,모름,모름
경기전,20190907,삼성,NC,-1,-1,모름,모름
경기전,20190907,한화,롯데,-1,-1,모름,모름
경기전,20190908,KIA,키움,-1,-1,모름,모름
경기전,20190908,KT,SK,-1,-1,모름,모름
경기전,20190908,LG,두산,-1,-1,모름,모름
경기전,20190908,삼성,NC,-1,-1,모름,모름
경기전,20190908,한화,롯데,-1,-1,모름,모름
경기전,20190910,SK,키움,-1,-1,모름,모름
경기전,20190910,두산,NC,-1,-1,모름,모름
경기전,20190910,한화,LG,-1,-1,모름,모름
경기전,20190910,삼성,KT,-1,-1,모름,모름
경기전,20190910,롯데,KIA,-1,-1,모름,모름
경기전,20190911,SK,키움,-1,-1,모름,모름
경기전,20190911,두산,NC,-1,-1,모름,모름
경기전,20190911,한화,LG,-1,-1,모름,모름
경기전,20190911,삼성,KT,-1,-1,모름,모름
경기전,20190911,롯데,KIA,-1,-1,모름,모름
경기전,20190912,롯데,SK,-1,-1,모름,모름
경기전,20190912,KT,NC,-1,-1,모름,모름
경기전,20190912,키움,LG,-1,-1,모름,모름
경기전,20190912,두산,KIA,-1,-1,모름,모름
경기전,20190912,삼성,한화,-1,-1,모름,모름
경기전,20190913,롯데,SK,-1,-1,모름,모름
경기전,20190913,KT,NC,-1,-1,모름,모름
경기전,20190913,키움,LG,-1,-1,모름,모름
경기전,20190913,두산,KIA,-1,-1,모름,모름
경기전,20190913,삼성,한화,-1,-1,모름,모름
