﻿이계 홍길동 전,https://blog.naver.com/inetworld?Redirect=Log&logNo=221481986251,무조건 내 의견에 따라줘.&quot; 비록 엘로이 왕자는 나이는 어리지만 정신세계는 수천년을 지내온 경륜이 있는 홍길동의 환생이기에 홍길동은 많은 의문이 생기고 있었다. 아무리 정신적인 고통이 있더라도 이렇게...,Audition Cafe,https://blog.naver.com/inetworld,20190306
공주 무성산에 홍길동굴과 홍길동성이 있다!!,https://blog.naver.com/cyber_gongju?Redirect=Log&logNo=221468692079,공주 무성산에 홍길동굴과 홍길동성이 있다!! 공주에 있는 산 중에서 가장 높은 산은 물론 계룡산(847m)입니다. 그럼 두 번째로 높은 산은 어디일까요? 아마도 모르시는 분들이 많을 것 같아요. 공주시에서 두...,흥미진진 공주 공식블로그,https://blog.naver.com/cyber_gongju,20190218
[한국] 홍길동의 후예,https://blog.naver.com/gahanru?Redirect=Log&logNo=221444081142,"홍길동의 후예 제작 : 한국 // 2009.11 감독 : 정용기 주연 : 이범수(홍무혁), 김수로(이정민), 이시영... 그의 집은 홍길동의 후예로 여전히 선조의 유언대로 막대먹은 못된자들에게서 재물을 빼앗아 가난한 자들을...",자한루 - 자하의 감상하기,https://blog.naver.com/gahanru,20190117
"뉴질랜드 여행, Newzealand의 치명적 골프투어 패키지-홍길동...",https://blog.naver.com/nhongkildong?Redirect=Log&logNo=221465883541,"여행사 홍길동투어입니다. © alejandrocuadro, 출처 Pixabay 뉴질랜드 천혜의 환경에서 골프+관광을 하실 수 있는 골프관광 투어가 준비되어 있습니다:) 저희 홍길동투어에서 항상 인기있는 투어중 하나인...",[뉴질랜드 현지여행사] 홍길동 투어,https://blog.naver.com/nhongkildong,20190217
홍길동의 죄: 사실적시 명예훼손과 공익성,http://slownews.kr/72643,일단 대리점을 운영하던 홍길동(가명) 의 이야기를 한 번만 들어주세요. “제 이름은 홍길동입니다. 저는 A제약회사(이하 ‘A’)와 상품공급계약을 체결하고 A로부터 제품을 공급받아 판매해 왔습니다....,테크 – 슬로우뉴스,http://slownews.kr/,20190313
오버워치 황금돼지의해 홍길동 트레이서와 삼국지 영웅 등장...,https://blog.naver.com/ssuggest?Redirect=Log&logNo=221454023462,바로 탐관오리를 물리치는 홍길동 트레이서와 삼국지 영웅들입니다. 아마도 설날을 겨냥한 특급... 이번 홍길동 트레이서와 삼국지 영웅들은 상당히 놀랍습니다. 하나씩 좀 살펴보도록 하겠습니다. 오버워치는...,영군의 즐거운 세상,https://blog.naver.com/ssuggest,20190129
수유시장 맛집 / 전기구이 통닭의 정석 장성 홍길동 치킨,https://blog.naver.com/mywnsl?Redirect=Log&logNo=221479849368,"수유시장 맛집 장성 홍길동 치킨은 동네에서 흔히 볼 수 있는 통닭 트럭이랍니다. 그런데 늘 지나다닐... 수유시장 맛집 장성 홍길동 치킨은 목우촌 생닭을 사용한다고 해여. 가격은 한 마리에 6,000원입니다. 두...",쥐님의 맛집놀이,https://blog.naver.com/mywnsl,20190304
"공주 무성산, 무성산성 홍길동굴이 있는 산",https://blog.naver.com/elkjbc?Redirect=Log&logNo=221431274353,중턱에는 홍길동의 전설이 깃든 홍길동 굴이 있는 산림청이 선정한 숨은 우리산이다. ♣ 산행 일시 : 2018.12.31.12:00~15:00 ♣ 산행 코스 : 보림사 입구-임도-능선-무성산성-정상-홍길동굴-임도-보림사 입구(6.37Km)...,별빛처럼***,https://blog.naver.com/elkjbc,20181231
흠있는 과일이 더 맛있듯이 홍길동이 서자이기에 더욱...,https://blog.naver.com/jyt4159?Redirect=Log&logNo=221470961408,하지만 홍길동처럼 서얼출신들은 기대치가 적고 더 이상 나빠질게 없습니다.(소외주의 횡보?) 서자라는 출신적 결함이 인간의 능력과는 관계가 없다는 것을 안다면(주가와 가치가 일치하지 않음) 홍길동의...,초대현대농업의 블로그,https://blog.naver.com/jyt4159,20190221
오버워치 리그 응원해! 황금돼지의해 홍길동 트레이서 취향 저격.,https://blog.naver.com/juble93?Redirect=Log&logNo=221471854002,"가장 Best No.1은 역시, 홍길동으로 변신한 트레이서가 아닐까 싶어요. 한국형의 등장인물인 홍길동과 트레이서의 만남은 처음부터 이 캐릭터라고 해도 믿어질 정도로 무척 잘 어울렸는데요. 사실 홍길동이...",저블,https://blog.naver.com/juble93,20190222
여자홍길동 -&gt; '여왕의 모험' 여러분의 모험을 도울게요,https://blog.naver.com/ssena222?Redirect=Log&logNo=221493381200,안녕하세요 '여왕의 모험'입니다 여자홍길동에서 '여왕의 모험'으로 새롭게 브랜딩하였습니다. 저는 모험적인 20대를 보냈어요 첫 수능을 보고 간 대학을 남친한테 차이고 자퇴를 했어요 재수를 해서 다시...,여왕의 모험,https://blog.naver.com/ssena222,20190321
이계 홍길동 전,https://blog.naver.com/inetworld?Redirect=Log&logNo=221474271738,"제1장 홍길동의 환생 서장 우주는 수많은 별들로 가득 채워져 있는데, 그 수많은 별들 중 하나인 성운... 자신은의 이름은 홍길동, 천상의 직책은 천상을 지키는 대장군으로, 오늘도 천상의 군대를 조련하고 나서...",Audition Cafe,https://blog.naver.com/inetworld,20190225
오버워치 황금돼지의해 전설 스킨 홍길동 트레이서와 삼국지라니!,https://blog.naver.com/meniereman?Redirect=Log&logNo=221456748720,우리나라 사람이라면 남녀노소를 가리지 않고 누구나 다 아는 홍길동이 말이죠! 이것은 다름 아닌 트레이서가 새로운 전설 스킨 홍길동을 입고 있는 모습인데요. 전 세계의 게이머들이 즐기는 게임에서...,매니에르의 게임 블로그,https://blog.naver.com/meniereman,20190201
나는 홍길동이무니다,https://blog.naver.com/scribble_h?Redirect=Log&logNo=221410446035,그냥 그런 맛이었다 형님들 덕에 저녁 맛나게 얻어먹고 좋은호텔도 공짜로 묵었다 오늘은 일산 ㅡ 합정 ㅡ 인천 ㅡ 강남 ㅡ 성산 그리고 나는 지금 부산가는 버스를 타고 있다 정신차려보니 내가 홍길동이무니다,Dynamic Indonesia,https://blog.naver.com/scribble_h,20181202
문학기행 홍길동 생가를 찾아서,https://blog.naver.com/kh0192002?Redirect=Log&logNo=221438554613,문인들과 함께 장성의 홍길동 테마 파크 홍길동 생가를 찾았다 이 날 안내는 전남문인협회 장성지부 박금숙시인이 맡았다 홍길동 생가를 어떻게 발굴 했는지는 알 수 없지만 예전에 왔을 때는 덩굴만 무성하게...,시 문학 세계,https://blog.naver.com/kh0192002,20190110
"뉴질랜드 여행,물위에서도 땅위에서도 OK!홍길동이 알려주는...",https://blog.naver.com/nhongkildong?Redirect=Log&logNo=221491749868,홍길동 투어입니다. ㅎㅎㅎ (오늘은 도입멘트를 좀 다르게 해보았답니다~) 수륙양용[水陸兩用]... rotoruaducktours.co.nz 만약 개인투어가 힘드시거나 예약등이 번거롭거나 하시면 저희 홍길동투어로...,[뉴질랜드 현지여행사] 홍길동 투어,https://blog.naver.com/nhongkildong,20190320
"장성 홍길동우드랜드 산림욕장, 숲 길도 걷고 체력단련도 하고!",http://blog.daum.net/kfs4079/17213162,"장성 홍길동 우드랜드 산림욕장을 찾았는데요, 이곳 역시 에어컨을 틀어놓은 듯한 시원함에 상쾌함까지 더해져 머무는 내내 최고의 기분을 느낄 수 있었습니다. 장성 홍길 동 우드랜드는 필자가 사는...",산림청 공식 블로그,http://blog.daum.net/kfs4079,20180620
친구들과 수완지구 홍길동회센터 + 수완닭발통닭 !,https://blog.naver.com/seulb0ng_?Redirect=Log&logNo=221482757021,빨리빨리 더 밀리기전에 다 털어버릴테야 우리의 만남 장소 1차는 수완지구 홍길동회센터 홍길동이 정말 회가 신선하구 쫄깃하다고 해서 고고싱. 여기는 가격은 저렴한데 스끼도 괜찮게 나오구 회가 넘 마싯당.....,슬봉이네,https://blog.naver.com/seulb0ng_,20190307
백양사 맛집 고품격 한우 홍길동한우!,https://blog.naver.com/inin4002?Redirect=Log&logNo=221167788158,안녕하세요~ 쉐리입니당 가족과 함께 백양사에 눈쌓인 풍경 구경갔다가현지인들이 추천해준 맛집 !백양사 맛집 홍길동한우에 다녀왔어요~ 홍길동한우는 바로 옆에 고기 직판장이 있는 한우정육식당이에요...,몽쉐리는 달달해,https://blog.naver.com/inin4002,20171221
'국궁 도전'  홍길동 테마파크에서,https://blog.naver.com/yellowcity-js?Redirect=Log&logNo=221403213945,"지난 7월 일반인들에게 개방된 홍길동 테마파크 국궁장이 꾸준한 인기를 모으며 대표 체험코너로 자리 잡고 있습니다. 홍길동 테마파크에 국궁인을 위한 경기장을 조성하고, 시설 활용도를 높이고 국궁의...",장성군 공식블로그,https://blog.naver.com/yellowcity-js,20181121
&lt;내가 진짜 홍길동이다!&gt; : 4단계 선정 도서,https://blog.naver.com/grin_with?Redirect=Log&logNo=221371526882,"&lt;내가 진짜 홍길동이다!&gt; 허윤 , 허균(원작) 지음 | 이경석 그림 | 키위북스 | 2018년 02월 15일 출간 ■ 지금 이 순간, 허균이 홍길동전을 다시 쓴다면? 홍길동전은 조선 중기 허균이 지은 우리나라 최초의 한글...",허니에듀 초등 북클럽,https://blog.naver.com/grin_with,20181005
"태연 만약에(쾌도홍길동ost) 가사첨부(&amp;동영상,무료듣기)",https://blog.naver.com/vzpsujqvgiduq?Redirect=Log&logNo=221487101206,"태연 만약에(쾌도홍길동ost) 가사첨부(&amp;동영상,무료듣기)올려드립니다. 동영상은 유튜브를 통해 가져왔으며, 상업적인 목적으로 사용하지 말아주세요. 만약에 태연의 솔로로 부른 곡이자, 드라마 '쾌도홍길동...",vzpsujqvgiduq님의블로그,https://blog.naver.com/vzpsujqvgiduq,20190313
다음편기대 영화&quot;탐정홍길동&quot;줄거리 후기,https://blog.naver.com/alsu7298?Redirect=Log&logNo=221398433195,영화 탐정홍길동줄거리 사라진마을 아마도 후속편이 계속나올꺼라 생각이 들엇는데 좀 늦어지는거... 후기와 리뷰를 시작해보도록 할께요 자신의 과거 그 는 영화 탐정홍길동 에서의 역할을 맡으면서...,세상의모든공간,https://blog.naver.com/alsu7298,20181114
어쩌면 마지막... 여자홍길동으로 올리는 마지막 글,https://blog.naver.com/ssena222?Redirect=Log&logNo=221491740248,여자홍길동 많은 닉네임 변화가 있었는데 한번 더.. 바뀌게 될 것 같아요 자꾸 바꿔서 죄송해요 제가 더... 다꿈스쿨 #퍼스널브랜딩 #네이밍 #블로그 #자기혁명캠프 #인플루언서캠프 #여자홍길동 #빠이빠이,여왕의 모험,https://blog.naver.com/ssena222,20190319
섭정왕 홍길동 왕이되는자 138서버 신세경연맹 화이팅 입니다..,https://blog.naver.com/83whtjdrlf?Redirect=Log&logNo=221476437679,그럼138서버고염무 에서 1위를 하고있는 신세경 홍길동 을 소개합니다..나이는 30대 친구는 벤츠 그래서 아우디가 욕심난다고 했는데..실제차량은 국산차량 한대 구입 하고자 합니다..그런데 이사람 홍길동...,주방이모 중고차,https://blog.naver.com/83whtjdrlf,20190227
예시 이름에 '홍길동' 대신 사용되고 있다는 연예인,https://blog.naver.com/dnjstjqp?Redirect=Log&logNo=221490375215,"시청, 구청, 주민센터에 방문하면 문서 작성 예시란이 있는데 문서 작성 예시란에는 대부분 홍길동이라는 이름이 쓰여져 있습니다. 예시 이름에 '홍길동' 대신 사용되고 있다는 연예인에 대해...",티스테이 Tistay,https://blog.naver.com/dnjstjqp,20190317
"뉴질랜드 여행,빨간양 본적있나요?!-홍길동이 직접 가본...",https://blog.naver.com/nhongkildong?Redirect=Log&logNo=221468321039,안녕하세요 :) 뉴질랜드 현지 전문 투어여행사 홍길동투어입니다. 오늘은 홍길동이 직접 방문한 시리즈로 돌아왔는데요! 한국인들에게 인기 만점이 양쇼로 로토루아에서 유명한 아그로돔 의 대표적인...,[뉴질랜드 현지여행사] 홍길동 투어,https://blog.naver.com/nhongkildong,20190218
[M] 탐정 홍길동 : 사라진 마을,https://blog.naver.com/rrhh234?Redirect=Log&logNo=221484698940,홍길동은 사건을 너무 금방 금방 막힘없이 너무 잘 풀어 낸다. 아무런 방해조차 없다... 그 외에도 전개가 살짝 이해가 안 가는 부분도 여럿 보였다. 시리즈 작품인 걸로 알지만... 그냥 공기 중으로 사라질 듯한...,숨:,https://blog.naver.com/rrhh234,20190310
광주근교 가 볼 만한 곳 홍길동테마파크,https://blog.naver.com/yhsj7889?Redirect=Log&logNo=221489634085,지난 주말에 느지막이 집에서 나선길~~^^ 장성에 있는 홍길동테마파크에 가는 길였어요~ 광주 미세먼지는 나쁨였는데 장성은 좋음이더라구용 홍길동 캐릭터예요~~^^ 민중의 영웅의 이미지로ㅎ 벌써 꽃이 피었네요...,길버트의 가고 싶은 집,https://blog.naver.com/yhsj7889,20190316
키위북스 초등권장도서 내가진짜 홍길동이다,https://blog.naver.com/whgdkwhgdkgo?Redirect=Log&logNo=221347996772,키위북스 초등권장도서 내가진짜홍길동이다 이번에 키위북스 초등권장도서 내가진짜홍길동이다를 만났어요... 표지부터가 아이들의 눈에 확~~!들어오는것 같아요.. 제목도 내가진짜홍길동이다~~~!^^ 초등학생이...,작은 것에도 감사할 줄 아는 사람~!,https://blog.naver.com/whgdkwhgdkgo,20180828
홍길동의 후예. The Righteous Thief. The Descendants...,http://blog.daum.net/doldu/18330023,"우아하고 평화로운 나날을 보내는 듯해 보이는 이들의 정체는 , 낮엔 지극히 평범한 일상을 보내지만 밤이 되면 역사에 길이 빛날 의적 활동에 여념이 없는 홍길동 가문의 후예들 . 오늘...",movie room,http://blog.daum.net/doldu,20180909
상시 체험 &lt;폭풍우 치는 금강 달래기&gt; &amp; &lt;미션! 공주의 의적 홍길동&gt;,https://blog.naver.com/egalia2?Redirect=Log&logNo=221438629739,"마지막으로 홍길동과 관련된 설화도 공주시에서 찾아볼 수 있는데요. 우리가 잘 알고 있는 &lt;홍길동전&gt;의 홍길동이 아닌, 실존인물이자 충청도의 의적인 홍길동과 관련된 일화입니다. 실제로 공주시에는 홍길동이...",MyStoryDoll,https://blog.naver.com/egalia2,20190110
루키는 홍길동~~!!,https://blog.naver.com/kami0413?Redirect=Log&logNo=221355390965,시댁에서 루키는 아직 홍길동이~~ 할메를 할메라 부를수 없고. . 할베를 할베라 부를수 없는. . . ^^;; 불쌍한 홍길동이~~루키초이~!! 아는지모르는지. . . 늘어지게 주무시는 루키찌~ 평소때면 벌써 일어날 시간인디....,까여사의 놀이터,https://blog.naver.com/kami0413,20180909
장성 맛집 역전식육식당 홍길동축제,https://blog.naver.com/cks6170837?Redirect=Log&logNo=221279655353,장성 맛집 역전식육식당 / 홍길동축제 나들이 :) 친정이 장성이라서 2주에 한번은 가는데 오늘은 동생이 홍길동축제라고 연락해서 아침부터 신랑 출근시키고 쿠키데리고 홍길동축제 구경 갔다왔어요 ! 동생이랑...,향's daily,https://blog.naver.com/cks6170837,20180519
[탐정 홍길동: 사라진 마을 리뷰] 우주 최고의 아역이 나타났다!...,https://blog.naver.com/happycancan?Redirect=Log&logNo=221375173926,#영화탐정홍길동 은 '홍길동' 이라는 이름과 스토리에서 어느 정도 궁금증이나 기대감을 반감 시킨 것이 아닌가 싶은 생각이 들기도 했다. 이 영화가 개봉되었을 때 나 역시 '홍길동?' 이라며 갸웃하고 영화에...,바람이 분다. 살아야겠다,https://blog.naver.com/happycancan,20181011
[전남 장성] 조용했던 평일의 홍길동 테마파크,https://blog.naver.com/appaloosa73?Redirect=Log&logNo=221372751238,"검색했더니 홍길동 테마파크가 나온다. 살짝 가볼까? 성수기에는 어떨지 모르겠지만 주차가 무료네! 천천히 올라가보기. 사실 소설속 인물을 가지고 무슨 테마파크까지 조성하나 생각했는데, 홍길동이...",우물 밖 세상 구경.,https://blog.naver.com/appaloosa73,20181007
장성가볼만한곳 홍길동테마파크에서,https://blog.naver.com/pysoon36?Redirect=Log&logNo=221368664075,장성가볼만한곳 홍길동테마파크입니다. 잔디구역도 많고 앉아서 쉴 공간도 있고 특히나 아이들하고 다녀와도 놀 공간이 있으니깐요 홍길동이 그동안 허상의 인물이라 생각했었는데요 이분이 실존인물이라는게...,일상을 소중히~~,https://blog.naver.com/pysoon36,20181001
"뉴질랜드 여행,정글의 법칙이 간곳,홍길동도 가보았다!-채텀 섬 편",https://blog.naver.com/nhongkildong?Redirect=Log&logNo=221482118488,안녕하세요 :) 뉴질랜드 현지 전문 여행사 홍길동투어입니다. ^^ 몇일전 정글의 법칙 채텀섬편을 소개해 드렸었는데요. 반응이 아주 뜨거웠답니다. ㅎㅎㅎ 이대세를 몰아서 저희 홍길동투어에서도 먼저...,[뉴질랜드 현지여행사] 홍길동 투어,https://blog.naver.com/nhongkildong,20190307
장성 홍길동테마파크 역적세트장 구경및 청백한옥,https://blog.naver.com/zidmlql039?Redirect=Log&logNo=221395171321,장성 홍길동테마파크에는 청백한옥이있고 오토캠핑장 및 야영장이 있어서 계절에 따라 편안한 숙박을... 장성 홍길동테마파크를 한바퀴 둘러보기로했는데 근교에 살면서도 처음와봐서 드라마 세트장이었다는...,"벚꽃비가 들려주는, 싼타와유니콘세상♡",https://blog.naver.com/zidmlql039,20181109
장성 홍길동 테마파크서 ‘활쏘며 더위 날려라’,https://blog.naver.com/yellowcity-js?Redirect=Log&logNo=221321287972,홍길동 테마파크 국궁장이 일반인들에게 개방돼 인기를 끌고 있습니다 이달부터 홍길동 테마파크 내 국궁장에서 관광객을 위한 ‘국궁 체험 프로그램’을 운영한다고 16일 밝혔습니다 ‘국궁 체험 프로그램’...,장성군 공식블로그,https://blog.naver.com/yellowcity-js,20180718
장성 홍길동 테마파크 ‘국궁 체험 인기’,https://blog.naver.com/youngjin6690?Redirect=Log&logNo=221402454420,지난 7월 개방이래 1천여명 다녀가 [대한뉴스=최용진 기자] 지난 7월 일반인들에게 개방된 홍길동 테마파크 국궁장이 꾸준한 인기를 모으며 대표 체험코너로 자리 잡고 있다 장성군은 홍길동 테마파크에...,대한뉴스 최용진 기자 (기사제보 010-3613-6690),https://blog.naver.com/youngjin6690,20181120
백양사맛집 장성한우는 홍길동한우에서,https://blog.naver.com/gshahaha?Redirect=Log&logNo=221477106289,"안녕하세요 백양사맛집 장성한우 홍길동한우입니다. 이웃님들께서는 장성하면 어떤 맛집이... 모두 원하시는 부위, 드시고 싶은 부위별로 직접 골라서, 바로 홍길동한우에서 구워 드실 수 있습니다. 넓고 쾌적한...",햇살한우영농조합법인,https://blog.naver.com/gshahaha,20190301
홍길동전 고전읽기 내가 진짜 홍길동이다!,https://blog.naver.com/minadie?Redirect=Log&logNo=221348002925,홍길동전 &lt;내가 진짜 홍길동이다!&gt; 고전읽기 우리 아이들 첫 고전읽기 재미나게 시작할 수 있는 키위북스 내가 진짜 홍길동이다! 초등독서 다양하게 책읽기 할 수 있었으면 했는데 어쩌면 저 역시 아주 늦게...,♡행복한 꼬마하늘♡,https://blog.naver.com/minadie,20180828
"홍길동 A Story of Hong Gil-dong, 1967",https://blog.naver.com/larsportnoy?Redirect=Log&logNo=221405875556,"홍길동 감독 신동헌 출연 김수일, 김순원 개봉 1967.01.21. / 1968.00.00. 재개봉 1967년작 '홍길동'은 한국 최초의 장편 애니메이션이다. 원본필름은 소실되었다가 최근에야 일본에서 수출된 버전으로 발견되었고...",larsportnoy의 블로그,https://blog.naver.com/larsportnoy,20181125
장성군 홍길동테마파크를 다녀 왔어요,https://blog.naver.com/leeheegyu?Redirect=Log&logNo=221468832331,장성군에 있는 #홍길동테마파크를 다녀 왔습니다 . 요즘은 다양한 여가를 즐기는 추세라 다양한 정보를... 이런점에서 #홍길동테마파크는 고객 수요를 충족하기에 부족함이 없을듯 합니다. #야영장...,금골사과농원 이희규 010 3708 2715,https://blog.naver.com/leeheegyu,20190218
장성 홍길동 전원단지 분양 - 장성전원주택부지 현장 다녀왔어요,https://blog.naver.com/hub_land?Redirect=Log&logNo=221481643906,#장성전원주택부지 #장성주택부지 #장성홍길동 #장성토지분양 #장성주택분양 #장성홍길동테마파크 #장성홍길동전원단지 #장성주택 안녕하세요~ 분양의 모든것 허브부동산이에요~ 주말에 시간이 있어서 장성을...,분양의 모든것 허브부동산,https://blog.naver.com/hub_land,20190306
"[오버워치] 황금 돼지의 해 한국 스킨 홍길동 트레이서,산예...",https://blog.naver.com/ykt996?Redirect=Log&logNo=221449427420,첫번째는 홍길동 트레이서 동에 번쩍 서에 번쩍하는 이미지를 잘 구현했어요! 홍길동의 트레이드 마크인 모자가 뒤집어져도 떨어지지 않네요 근데 저 갓 눈에 잘 띄어서 좀 그렇네요 ㅠㅠ 2번째는 산예 오리사!...,평범한 블로그,https://blog.naver.com/ykt996,20190123
우리고전 내가 진짜 홍길동이다,https://blog.naver.com/jungmi9552?Redirect=Log&logNo=221348092594,"우리고전 내가 진짜 홍길동이다 안녕하세요 현이♡민이♡진이어뭉이에요 우리고전, 제가 어릴땐... 진짜 홍길동이다!&gt;아이와 함께 읽어봤어요 아는 내용이더라도 누구와 함께 같은 시선 바라보며 우리고전을...",토낑이,https://blog.naver.com/jungmi9552,20180829
"뉴질랜드 여행,홍길동이 직접 간다! 타우랑가Waimarino...",https://blog.naver.com/nhongkildong?Redirect=Log&logNo=221446735106,안녕하세요 :) 뉴질랜드 현지 전문 여행사 홍길동 투어입니다! 오늘은 홍길동이 직접 간다! 포스팅으로 타우랑가 Waimarino Adventure Park 에 다녀온 생생 후기 모습입니다. 저희 홍길동을...,[뉴질랜드 현지여행사] 홍길동 투어,https://blog.naver.com/nhongkildong,20190121
올봄은 '장성 홍길동축제'가 답!,https://blog.naver.com/yellowcity-js?Redirect=Log&logNo=221476858483,봄이 오면 소풍을 떠나시는 분들 많은데요~ 봄 시즌의 대표적인 축제라고 할 수 있는 &quot;장성 홍길동축제&quot;가 올해로 20회를 맞는다는 점! 그래서 이번에 성년을 맞은 홍길동축제가 대대적으로 변화한다고 해요...,장성군 공식블로그,https://blog.naver.com/yellowcity-js,20190303
장성한우맛집 홍길동한우,https://blog.naver.com/gshahaha?Redirect=Log&logNo=221460170084,안녕하세요 홍길동한우입니다. 오랫만에 포스팅으로 인사드립니다.^^ 설 명절 잘 보내셨나요~ ? 이번 명절에는 은근히 날씨가 따듯하더라구요~ 오늘은 장성한우맛집 홍길동한우 저희 매장을 소개해드릴까 해요...,햇살한우영농조합법인,https://blog.naver.com/gshahaha,20190207
"뉴질랜드 여행,홍길동 NZ맛집투어 오클랜드 시티맛집...",https://blog.naver.com/nhongkildong?Redirect=Log&logNo=221454984386,안녕하세요 :) 뉴질랜드 현지전문 여행사 홍길동투어입니다. 오늘은 많이들 관심있어하는 오클랜드... 다음편에도 더 맛있는 맛집으로 안내해 드릴께요^^ 이상 홍길동 투어였습니다. 감사합니다.! 뉴질랜드...,[뉴질랜드 현지여행사] 홍길동 투어,https://blog.naver.com/nhongkildong,20190131
"뉴질랜드 여행,홍길동투어만의 NZ생활속 사진한컷!...",https://blog.naver.com/nhongkildong?Redirect=Log&logNo=221448746846,안녕하세요 :) 뉴질랜드 현지 전문 여행사 홍길동 투어입니다. 오늘은 독특하게 인스타버젼 포스팅을 준비해보았습니다^^ * 실제 저희 홍길동투어에서도 인스타그램으로도 고객님과 소통중에 있으니...,[뉴질랜드 현지여행사] 홍길동 투어,https://blog.naver.com/nhongkildong,20190123
"뉴질랜드 여행,홍길동이 걸어본 오카레카(OKAREKA WALKWAY)...",https://blog.naver.com/nhongkildong?Redirect=Log&logNo=221416659686,뉴질랜드현지여행사 홍길동투어 입니다. 뉴질랜드에서는 뛰어난 자연환경으로 인해 자연스럽게... 본격적으로 저희 홍길동과 함께 걸어봅시다. 저 숲속으로 쏘옥~ 구글 맵에서 검색하면 쉽게 찾아...,[뉴질랜드 현지여행사] 홍길동 투어,https://blog.naver.com/nhongkildong,20181211
"뉴질랜드 여행,2000년의 숨결-홍길동이 가본 KAURI WALKS",https://blog.naver.com/nhongkildong?Redirect=Log&logNo=221423455490,안녕하세요 뉴질랜드 현지 전문 여행사 홍길동투어입니다:) 오늘은 2000년동안 살아숨쉬고 있는... 카우리나무 숲을 비롯해 박물관 등이 많지만 오늘 저희 홍길동이 직접 가본곳은 카우리 웍스입니다. 2000년의...,[뉴질랜드 현지여행사] 홍길동 투어,https://blog.naver.com/nhongkildong,20181222
제19회 ‘장성 홍길동축제’ 화려한 팡파르,https://blog.naver.com/yellowcity-js?Redirect=Log&logNo=221278558618,제19회 ‘장성 홍길동축제’(이하 ‘홍길동축제’)가 18~20일 황룡강변과 홍길동테마파크에서 열립니다 허균의 소설 ‘홍길동전’의 주인공으로 잘 알려진 홍길동은 부패한 관료와 탐관오리로부터 빼앗은...,장성군 공식블로그,https://blog.naver.com/yellowcity-js,20180518
장성 소고기맛집 백양사 홍길동한우,https://blog.naver.com/gshahaha?Redirect=Log&logNo=221472210110,"안녕하세요 장성 소고기맛집 홍길동한우입니다. 장성 소고기맛집으로 입소문이 자자한 백양사 홍길동 한우에서는, 부담스럽지 않는 가격!! 후한 인심, 질 좋은 고기를 드실 수 있는 착한 소고기맛집입니다....",햇살한우영농조합법인,https://blog.naver.com/gshahaha,20190222
"뉴질랜드 여행,WOW!홍길동이 직접 가본 업그레이든 된 타우포...",https://blog.naver.com/nhongkildong?Redirect=Log&logNo=221440541182,안녕하세요 :) 뉴질랜드 현지 전문 여행사 홍길동 투어입니다. 오늘은 바로!!! 저희 홍길동이 직접 가본다 시리즈인데요. 저희의 인기 포스팅 이지요 ㅋㅋ 타우포에 위치한 새우농장인 '후카...,[뉴질랜드 현지여행사] 홍길동 투어,https://blog.naver.com/nhongkildong,20190114
"뉴질랜드 여행,크라이스트처치 총기난사테러-홍길동 투어...",https://blog.naver.com/nhongkildong?Redirect=Log&logNo=221491217643,"안녕하세요 :) 뉴질랜드 현지 전문 여행사 홍길동 투어입니다. 지난15일날 발생한... 저희 홍길동 투어에서도 제2의 고향과 같은 뉴질랜드에서 일어난 참단한 일에 대해, 그리고 더욱...",[뉴질랜드 현지여행사] 홍길동 투어,https://blog.naver.com/nhongkildong,20190319
"뉴질랜드 여행,홍길동이 추천한다!노스랜드 물좋은'나와...",https://blog.naver.com/nhongkildong?Redirect=Log&logNo=221448448195,안녕하세요^^ 뉴질랜드 전문 여행사 홍길동 투어입니다. 오늘은 최근 저희 홍길동투어가 직접 다녀온 'ngawha springs' 나와 스프링스 머든 온천입니다. 결론부터 말씀드리자면~ 물~~ 좋더라구요...,[뉴질랜드 현지여행사] 홍길동 투어,https://blog.naver.com/nhongkildong,20190123
"뉴질랜드 여행,홍길동직접간다!인기코스 바다낚시+골프팀 현장",https://blog.naver.com/nhongkildong?Redirect=Log&logNo=221423862433,뉴질랜드 현지 투어 전문 여행사 홍길동투어입니다 :) 오늘은 특별히 저희 홍길동 투어 만의 HOT한 코스중 하나인 바다낚시와 골프팀 일정모습들을 보여드리고자 포스팅을 써내려갑니다. 먼저 너무나 많은...,[뉴질랜드 현지여행사] 홍길동 투어,https://blog.naver.com/nhongkildong,20181221
"뉴질랜드 여행,홍길동이 직접 간다! 라벤더 향기 가득한...",https://blog.naver.com/nhongkildong?Redirect=Log&logNo=221437583345,뉴질랜드현지전문여행사 홍길동투어입니다 :) 오늘은 보라빛 라벤더향기 가득한 라벤더 농장에 저희 홍길동이 직접 가보았어요. 라벤더 효능 -신경 안정 및 긴장완화 -진통작용 -불면증 완화...,[뉴질랜드 현지여행사] 홍길동 투어,https://blog.naver.com/nhongkildong,20190109
"뉴질랜드 여행,'홍길동추천'와이토모 반딧불 동굴-경이로운...",https://blog.naver.com/nhongkildong?Redirect=Log&logNo=221456147986,"© StockSnap, 출처 Pixabay 안녕하세요 :) 뉴질랜드 현지 전문 여행사 홍길동 투어 입니다. 오늘은... 굳~~~ ㅎㅎ 저희 홍길동투어에서도 인기 여행지로 손꼽히는 장소 이기도 해요. 와이토모 여행 시 필수...",[뉴질랜드 현지여행사] 홍길동 투어,https://blog.naver.com/nhongkildong,20190203
"뉴질랜드 여행,홍길동이 추천하는 커피맛집!-노스쇼어...",https://blog.naver.com/nhongkildong?Redirect=Log&logNo=221421419912,뉴질랜드 현지전문 여행사 홍길동 투어입니다. 오늘은 바로 뉴질랜드 커피 맛집을 소개해드리고자 합니다. 바로~ 홍길동이 추천하는 커피 맛집~~ 함께 가보시죠^^ 뉴질랜드에서 커피 이야기를...,[뉴질랜드 현지여행사] 홍길동 투어,https://blog.naver.com/nhongkildong,20181218
"뉴질랜드 여행,홍길동이 직접 간다! Ngatea 블루베리 농장",https://blog.naver.com/nhongkildong?Redirect=Log&logNo=221411380512,뉴질랜드 현지 전문 여행사 홍길동 투어 입니다. 오늘은 많은 문의가 있고 지금도 투어 예약이 진행되고 있는 블루베리 농장 체험이 있는 일정중 바로!! Ngatea 블루베리 농장을 어제!(12월03일) 저희 홍길동이 직접...,[뉴질랜드 현지여행사] 홍길동 투어,https://blog.naver.com/nhongkildong,20181204
"뉴질랜드 여행,홍길동이 직접 간다!티키타푸 호(블루레이크)",https://blog.naver.com/nhongkildong?Redirect=Log&logNo=221409238421,"뉴질랜드현지여행사 홍길동투어 입니다. 이번에 저희 홍길동이 직접 가본곳은 바로 로토루아 근처의 티키타푸 호, 블루레이크라고 불리는 곳입니다. 뉴질랜드 북섬 플렌티만 지역에 있는 4개의 호수중 하나예요....",[뉴질랜드 현지여행사] 홍길동 투어,https://blog.naver.com/nhongkildong,20181130
"뉴질랜드 여행,홍길동투어의 하루!로토루아 레인보우 스프링스...",https://blog.naver.com/nhongkildong?Redirect=Log&logNo=221476671100,안녕하세요 :) 뉴질랜드 현지 전문 여행사 홍길동 투어입니다. 저희 홍길동투어의 대표적인 인기 코스중 하나인 로토루아-타우포-호빗 인데요. 이중에 로토루아 투어에서 빠지지 않고 가는곳이 바로...,[뉴질랜드 현지여행사] 홍길동 투어,https://blog.naver.com/nhongkildong,20190228
"뉴질랜드 여행,홍길동이 간다!오클랜드 시티 야시장...",https://blog.naver.com/nhongkildong?Redirect=Log&logNo=221402877961,안녕하세요^^ 뉴질랜드 현지투어 전문 여행사 홍길동투어입니다~ 오늘은 매주 금요일에 열리는 시티... 싶으시다면 금요일 오후 5시~11시까지 열린다고 하니 추천해봅니다!! 이상 홍길동 투어 방문기였습니다.,[뉴질랜드 현지여행사] 홍길동 투어,https://blog.naver.com/nhongkildong,20181121
"아티아무리 걸 주유소(Atiamuri Gull),홍길동이 가보았다!",https://blog.naver.com/nhongkildong?Redirect=Log&logNo=221394788768,안녕하세요 홍길동투어입니다. 올해들어 뉴질랜드의 휘발유값이 많이 올라 생활경제에 적지않은... 저희 홍길동이 직접 가보았어요^^ 함께 가보실까요~ 위치는 모토웨이 1번 국도의 아티아무리 걸...,[뉴질랜드 현지여행사] 홍길동 투어,https://blog.naver.com/nhongkildong,20181109
"뉴질랜드 여행,홍길동 가본 움직이는 사무실-Regus",https://blog.naver.com/nhongkildong?Redirect=Log&logNo=221436354551,뉴질랜드 현지 전문 여행사 홍길동 투어입니다 :) 오늘은 공유오피스라는 개념으로... 실제로 저희 홍길동이 가보았는데 정말 쾌적한 환경이 인상적이였다고 해요~ 혹시 이용을...,[뉴질랜드 현지여행사] 홍길동 투어,https://blog.naver.com/nhongkildong,20190108
"뉴질랜드 여행,미세먼지는 NO~~홍길동 대표상품[골프...",https://blog.naver.com/nhongkildong?Redirect=Log&logNo=221488639754,"안녕하세요 뉴질랜드 현지 전문 여행사 홍길동투어 입니다:) 뉴질랜드 북섬, 남섬 바다낚시와 골프까지 할 수 있는 9박 10일 대표투어상품을 소개해 드립니다^^ 많은 문의를 주시는 상품이라 블로그에...",[뉴질랜드 현지여행사] 홍길동 투어,https://blog.naver.com/nhongkildong,20190317
"뉴질랜드 여행,홍길동이 직접 간다! 로토루아 액티비티 OGO 추천",https://blog.naver.com/nhongkildong?Redirect=Log&logNo=221394013013,홍길동 투어입니다. 오늘은 홍길동이 직접간다~ 시리즈중 로투루아 액티비티 OGO 체험현장을 포스팅 해볼께요. 뉴질랜드에는 액티비티 천국이라고 불리는데요^^ OGO에 대해 간략하게 소개를 해드리면요. 동그란...,[뉴질랜드 현지여행사] 홍길동 투어,https://blog.naver.com/nhongkildong,20181108
"뉴질랜드 여행,홍길동과 함께 콥숀호텔&amp;리조트...",https://blog.naver.com/nhongkildong?Redirect=Log&logNo=221416672267,뉴질랜드현지여행사 홍길동투어 입니다. 여행하면 떠오르는 몇몇 이미지들이 있는데요.ㅎㅎ 바로... 이번 겨울 따뜻한 뉴질랜드에서 여름한번 보내보세요~ 저희 홍길동 투어와 함께 소중한 추억 만들어...,[뉴질랜드 현지여행사] 홍길동 투어,https://blog.naver.com/nhongkildong,20181211
"뉴질랜드 여행,홍길동이 직접 간다~블루베리 농장2탄!",https://blog.naver.com/nhongkildong?Redirect=Log&logNo=221414143898,뉴질랜드현지여행사 홍길동투어 입니다. 지난번 블루베리 농장에 많은 관심 먼저 감사드립니다.^^ 하하하 그래서 저희 홍길동이 또한번 더욱 생생한 현장소식을 들고 왔답니다! 블루베리 농장에 도착하면...,[뉴질랜드 현지여행사] 홍길동 투어,https://blog.naver.com/nhongkildong,20181207
"뉴질랜드 여행,와이탕이 데이 특집 편-홍길동이 가본 와이탕이",https://blog.naver.com/nhongkildong?Redirect=Log&logNo=221458702727,안녕하세요 :) 뉴질랜드 현지 전문 여행사 홍길동 투어입니다. 2월 6일은 뉴질랜드 창립일이라 할 수 있으며 영국과 와이탕이 조약 체결한 날 이고 쉼을 가질 수 있는 공휴일입니다. 여기서...,[뉴질랜드 현지여행사] 홍길동 투어,https://blog.naver.com/nhongkildong,20190206
"뉴질랜드 여행, 홍길동투어에서만 가능한 퀸스타운 남섬...",https://blog.naver.com/nhongkildong?Redirect=Log&logNo=221411114374,"뉴질랜드현지여행사 홍길동투어 입니다, 지난 봄맞이 이벤트 다같이 먹고 살자 를통해 예약해주신... 저희 홍길동투어에서는 특별히 남섬 퀸스타운 2박3일일정을 진행했답니다. 이렇게 함께 짧고 알차게 여행한...",[뉴질랜드 현지여행사] 홍길동 투어,https://blog.naver.com/nhongkildong,20181203
"뉴질랜드 여행,홍길동투어 2018 블루베리 PYO 투어상품소개!",https://blog.naver.com/nhongkildong?Redirect=Log&logNo=221409214632,뉴질랜드 현지전문여행사 홍길동투어입니다. 띵동~~~! 저희에게 여름의 시작을 알리는 반가운 문자... 저희 홍길동 투어에서는 연말연시 이벤트 투어중 블루베리 농장 일정이 많은 사랑과 관심을 늘 받고...,[뉴질랜드 현지여행사] 홍길동 투어,https://blog.naver.com/nhongkildong,20181202
"뉴질랜드 여행,홍길동도 헤리왕자도 가보았다! 레인보우...",https://blog.naver.com/nhongkildong?Redirect=Log&logNo=221398017426,안녕하세요 홍길동 투어입니다. 오늘은 저희 홍길동이 레인보우 스프링스-키위 하우스에 다녀왔어요^^ 먼저 키위하우스가 있을정도로 왜 키위새가 이슈가 되고 소중하게 다루어 지는가에 대한 짧은 소개를...,[뉴질랜드 현지여행사] 홍길동 투어,https://blog.naver.com/nhongkildong,20181114
"뉴질랜드 여행,홍길동이 직접간다! 쿠리와이파크-무료...",https://blog.naver.com/nhongkildong?Redirect=Log&logNo=221406218641,"뉴질랜드현지여행사 홍길동투어 입니다, 로토루아는 도시전체가 간헐천의 영향으로 유황냄새로... 이상 홍길동 투어 방문기였습니다. **뉴질랜드 로토루아 여행문의는 저희 홍길동투어와 함께하세요**",[뉴질랜드 현지여행사] 홍길동 투어,https://blog.naver.com/nhongkildong,20181126
"뉴질랜드 여행, 풍성한 설날 되세요~홍길동투어 직원일동",https://blog.naver.com/nhongkildong?Redirect=Log&logNo=221458357938,"안녕하세요 :) 뉴질랜드 현지 전문 여행사 홍길동 투어입니다. 우리 민족 고유의 명절 설날, 즐거운 연휴 보내시고 행복한 웃음 피어나는 2019년도 되길 기원합니다. 홍길동 투어와 함께한...",[뉴질랜드 현지여행사] 홍길동 투어,https://blog.naver.com/nhongkildong,20190205
"뉴질랜드 여행,Adieu아듀:Goodbye2018!-홍길동투어 한해를...",https://blog.naver.com/nhongkildong?Redirect=Log&logNo=221430832454,"뉴질랜드현지전문여행사 홍길동투어입니다. 2018년 한해동안 저희 홍길동투어를 이용해주신 고객님 여러분 새해복 많이 받으세요! © nordwood, 출처 Unsplash 새해 마음 이해인 늘 나에게 있는...",[뉴질랜드 현지여행사] 홍길동 투어,https://blog.naver.com/nhongkildong,20190101
"뉴질랜드 여행,'홍길동 투어 칭찬릴레이'정성스런 격려 댓글...",https://blog.naver.com/nhongkildong?Redirect=Log&logNo=221485811317,"© ArtsyBee, 출처 Pixabay 안녕하세요 :) 뉴질랜드 현지 전문 여행사 홍길동 투어입니다. 오늘은 홍길동투어의 일상 이야기로 찾아왔어요.^^ © PublicDomainPictures, 출처 Pixabay 지난주, 저희를 통해 투어를 하셨던...",[뉴질랜드 현지여행사] 홍길동 투어,https://blog.naver.com/nhongkildong,20190312
'장성 홍길동축제' 다양한 프로그램,https://blog.naver.com/yellowcity-js?Redirect=Log&logNo=221266592235,조선시대 실존인물 홍길동을 기리는 ‘장성 홍길동축제’가 확 달라진 모습으로 관광객들을 맞이합니다. 장성군은 5월 18~20일 황룡강변과 홍길동테마파크에서 제19회 ‘장성 홍길동축제’를 개최합니다....,장성군 공식블로그,https://blog.naver.com/yellowcity-js,20180502
"뉴질랜드 여행,홍길동투어의 존재의 이유.....감사합니다.",https://blog.naver.com/nhongkildong?Redirect=Log&logNo=221421426731,뉴질랜드 현지전문 여행사 홍길동 투어입니다. 조금은 부끄럽지만 감사할길이 딱히 없어서 한줄의 글로 남기게 되네요. 약 2주전 저희 홍길동투어와 함께 투어를 다녀온 김**고객님의 따뜻한 말한마디가...,[뉴질랜드 현지여행사] 홍길동 투어,https://blog.naver.com/nhongkildong,20181218
장성 홍길동축제 D-2 미리가 본 축제의 현장 속으로!,https://blog.naver.com/yellowcity-js?Redirect=Log&logNo=221277230052,"2018 제 19회 홍길동축제가 이틀을 앞으로 남겨두고 있습니다 오는 18일부터 20일까지 황룡강변과 홍길동테마파크에서 개최하는데 5.18민주화운동 행사와 KBS전국노래자랑,황룡강음악회등 다양한 공연과 행사가...",장성군 공식블로그,https://blog.naver.com/yellowcity-js,20180516
공지 확인하세요~홍길동투어의 성수기(10월~3월)가격안내...,https://blog.naver.com/nhongkildong?Redirect=Log&logNo=221423460213,"뉴질랜드 현지여행사 홍길동투어 입니다. © CoolPubilcDomains, 출처 OGQ &quot;저희 홍길동투어를 찾아봐 주셔서 늘 감사드립니다.&quot; 저희 홍길동 투어에서는 다양한 남섬투어와 북섬투어를 진행하고 있습니다....",[뉴질랜드 현지여행사] 홍길동 투어,https://blog.naver.com/nhongkildong,20181222
'SNS 이벤트' 홍길동축제 미리 즐기기,https://blog.naver.com/yellowcity-js?Redirect=Log&logNo=221271805981,"“황금빛 5월 황룡강변을 물들인 새로운 꽃은?” 군이 ‘2018 장성 홍길동 축제’를 기념해 공식... 참여방법은 장성군 블로그나 페이스북, 카카오스토리, 인스타그램에 올려진 홍길동 축제 퀴즈 댓글...",장성군 공식블로그,https://blog.naver.com/yellowcity-js,20180509
뉴질랜드 여행.홍길동투어^^생신을축하드립니다!,https://blog.naver.com/nhongkildong?Redirect=Log&logNo=221380555903,뉴질랜드현지여행사 홍길동투어 입니다. 오늘은 몇일전 저희 홍길동투어의 역사이자 산증인이신 사장님의 생신을 맞이하여 사무실에서 직원들과 함께 한식열전을 펼쳤는데요. 이곳 뉴질랜드에서 한식먹기란...,[뉴질랜드 현지여행사] 홍길동 투어,https://blog.naver.com/nhongkildong,20181019
장성 홍길동축제 이것만은 꼭 알고가세요! -숙박편-,https://blog.naver.com/yellowcity-js?Redirect=Log&logNo=221275257416,제 19회 장성 홍길동축제가 D-4일을 남겨두고 있습니다 조선시대의 실존인물 홍길동을 홍길동축제로 인해 모든 관광객들의 눈과 귀를 사로잡을 예정인데요 축제와 함께 전국노래자랑도 함께 열리게 되어서...,장성군 공식블로그,https://blog.naver.com/yellowcity-js,20180514
[미오스튜디오_두돌사진] 민준이의 홍길동컨셉 초립동 세돌컨셉...,https://blog.naver.com/miostudio1?Redirect=Log&logNo=221487906069,준이의 홍길동컨셉이에요!! 눈이 정말 예뻐서 어떻게 촬영해도 정말 멋있어요!! ♡ 항상 건강하고 행복한 민준이가 되길 바랍니다!!! #세돌사진 #세돌기념사진 #홍길동컨셉 #두돌사진 #두돌기념사진 #복고사진...,미오 사진관 (STUDIO MIO),https://blog.naver.com/miostudio1,20190314
오버워치 &lt;황금 돼지의 해&gt; 출시 아이템: 홍길동 트레이서 공개!,https://blog.naver.com/onsensas?Redirect=Log&logNo=221449829704,트레이서의 전설 등급 스킨 &lt;홍길동&gt;으로 이번 이벤트의 다른 한국 테마 스킨들과 똑같이 퀄리티는... &quot;트레이서와 홍길동은 많은 공통점이 있다&quot;구요...? 제가 보기엔 순 억지 같은데 말이죠.,Were We So Different?,https://blog.naver.com/onsensas,20190124
홍길동 &amp; 홍단,https://blog.naver.com/cem009?Redirect=Log&logNo=221494178036,올만에 올리는 남의 집 괭이 이야기.. 양순이의 너무나도 어린 동생들 길동이와 단이.. 현실 남매 사이라서 서로 데면데면 하지만 아주 아주 아주 가끔 사이 좋은 남매일때도 있긴 있음.. 어찌나 표정이 늘...,회색이의떠벌떠벌,https://blog.naver.com/cem009,20190321
"뉴질랜드여행,칭찬은 고래도 춤추게한다~~ 홍길동투어 칭찬열전^^",https://blog.naver.com/nhongkildong?Redirect=Log&logNo=221380195508,안녕하세요 뉴질랜드현지여행사 홍길동투어입니다. 오늘은 홍길동투어를 이용하신 고객님들의 칭찬메세지를 올려보려해요. 조금은 쑥스럽지만 좋은것은 함께 나누고 나누다 보면 그모든것이 자기에게...,[뉴질랜드 현지여행사] 홍길동 투어,https://blog.naver.com/nhongkildong,20181021
[시리즈로 나와버렷~] 그림자 살인 / 탐정 홍길동 사라진 마을,https://wkrrkghkd.tistory.com/723,"탐정 홍길동 : 사라진 마을 약간 거친면이 있는데, 그래서 기존의 국내 탐정물과 차별화 된다. 잔인한데다 눈하나 깜빡하지 않고 사람을 죽이는 이제훈이 홍길동역으로 나오는데, 초반에 이제훈의 잔인한 모습을...",철학숙제의 이것저것,http://wkrrkghkd.tistory.com/,20190218
장성역 열차시간표 홍길동조형물과 평화의 소녀상,https://www.walkview.co.kr/5046,"장성역 열차시간표 홍길동조형물과 평화의 소녀상 장성 출발 정읍, 익산, 논산, 계룡, 서대전, 천안... 역 부변 잔디에는 홍길동상이 전시되어 있습니다. 거인과 소년 홍길동의 모습에서 홍길동의 강인한...",워크뷰의 맛있는 도보여행,https://www.walkview.co.kr/,20190128
Phantom Detective — 탐정 홍길동: 사라진 마을 2016,https://parksungwoong.tistory.com/18479,"지금 이 안에 있단 말이야, 당신들이 찾는 홍길동이. 마침 나도 너희들에게 묻고 싶은 게 있으니까. 아후 시끄러워. 야! 니들 왜 자꾸 나 찾아 다니냐? 귀찮게. 봐...",조가을,http://parksungwoong.tistory.com/,20190322
[전라남도] 장성 홍길동테마파크,https://blog.naver.com/varlensia?Redirect=Log&logNo=221316712061,장성 홍길동테마파크(2018.7.8.일) 축령산에 다녀온 후 가까운곳에 홍길동 테마파크가 있길래 저녁 약속때까지 시간이 남아서 한바퀴 둘러보러 다녀왔습니다. 앗! 이럴수가~~~~ 분수물놀이장이 있네요! 그냥 땀...,"동준,가윤이네 가족~♥",https://blog.naver.com/varlensia,20180711
우리 홍길동한의원 매너짱! 최성규원장님의 생파 했어요^^,https://blog.naver.com/warrior4u?Redirect=Log&logNo=221491858107,안녕하세요^^ 허리는 홍길동 ! 홍길동 한의원입니다. 오늘 아침 홍길동한의원 최성규 원장님 생일파티를 했지요 우선 요로코롬 꾸며봤어요^^ 아침에 우리 선생님들과 생파분위기 연출했어요. 딸기쉬폰케잌...,신통방통 홍길동한의원,https://blog.naver.com/warrior4u,20190319
"뉴질랜드여행, 홍길동투어의 성수기(10월~3월)가격안내...",https://blog.naver.com/nhongkildong?Redirect=Log&logNo=221406463752,뉴질랜드 현지여행사 홍길동투어 입니다. &quot;저희 홍길동투어를 찾아봐 주셔서 늘 감사드립니다.&quot; 저희 홍길동 투어에서는 다양한 남섬투어와 북섬투어를 진행하고 있습니다. 저희 홍길동 투어에서...,[뉴질랜드 현지여행사] 홍길동 투어,https://blog.naver.com/nhongkildong,20181127
6세 전래동화 홍길동 이야기,https://blog.naver.com/totoro704?Redirect=Log&logNo=221308959766,6세 전래동화 홍길동 이야기 6세 전래동화로 추천하는 이야기꽃할망 홍길동 이야기 같이 보세요 :) 일러스트레이션 부분 수상받아서 그런지 페이지 넘기면서 보이는 그림들이 유난히 집중 잘 되게...,지우와 룰루랄라 ♪,https://blog.naver.com/totoro704,20180629
