﻿title,link,description,bloggername,bloggerlink,postdate
연신내아이폰수리 참 잘해주네요,https://blog.naver.com/anessa_0?Redirect=Log&logNo=221496734135,제가 아이폰을 사용한지가 거의 10년이 되다보니 여태까지 제가 생활하는 곳 주변에 수리점이 어디어디 있는지는 파악을 하고 다녔다고 할 수 있었죠 연신내아이폰수리 역시도 언제 갈지 모르니 알아두자...,돌아온 봄봄,https://blog.naver.com/anessa_0,20190325
산본아이폰수리 신속하게 해결했습니다,https://blog.naver.com/soo99k?Redirect=Log&logNo=221494071122,생각보다 많이나오는 금액에 멘붕에빠져있었어요 그때 함께일하는 직장동료가 회사근처에 잘하고 저렴한곳이 있다고 하길래 추천을받아 산본아이폰수리 아이폰팩토리로 바로전화를 드렸어요~ 인터넷으로...,만물샵,https://blog.naver.com/soo99k,20190321
야탑아이폰수리 저렴하게 수리했네!,https://blog.naver.com/kas2724?Redirect=Log&logNo=221494270201,야탑아이폰수리 저렴하게 수리했네! 이번 주말에는 오랜만에 친구들이랑 좋은 시간을 보냈다.... 요즘은 사기당하는 분들도 많다고 하셔서 걱정 했었는데 '아이폰수리몬' 사장님은 전혀 그런 점 없이 신뢰할 수...,Qwerty IT,https://blog.naver.com/kas2724,20190322
마산아이폰수리 맘에듭니당,https://blog.naver.com/magic9727?Redirect=Log&logNo=221485390384,한 번도 마산아이폰수리 센터점에 방문해 본적이 없어서 어디서 해야 빠르게 해결할 수 있을까 정보를 찾아봤는데요 여기저기 사설 업체가 많이 생겼더라고요. 역시나 아이폰은 내구성이 약하기로 소문이...,자전거 타는 세탁인,https://blog.naver.com/magic9727,20190311
강남아이폰수리 신속정확해요,https://blog.naver.com/polly223?Redirect=Log&logNo=221496742446,망가졌더라고요 아이폰은 이런 점이 정말 불편한 것 같아요 다른 핸드폰들보다 너무 쉽게 망가진답니다... 강남아이폰수리 라고 검색만 해도 후기가 엄청 많았습니다 그래서 망설이지 않고 바로 갈 수가...,아랑의 잡블로그네,https://blog.naver.com/polly223,20190325
부평아이폰수리 믿고맡길수있는곳 !,https://blog.naver.com/ghdkwoawakd?Redirect=Log&logNo=221491309889,부평에서는 아이폰 수리점을 가본 적이 없어서 친구들한테 물어보니 유명하고 실력 좋기로 소문난 부평아이폰수리점이 있다고 해서 추천을 받았어요 친구도 아이폰을 오래 사용했어서 아이폰 관련된 곳에...,아이툴즈 공식블로그 [아이폰&아이패드 정보],https://blog.naver.com/ghdkwoawakd,20190318
아이폰 Xr 샀어요 ㅋㅋㅋ7에서 X로 바꾼 후기(+카메라),https://blog.naver.com/kiddy47?Redirect=Log&logNo=221496269533,아이폰 7 쓰고있었는데 산지 2년이 되었고 약정도 끝났으니 새폰으로 바꾸고 싶은 마음이 막 올라와서ㅋㅋㅋㅋ 아이폰 텐을 질러버렸어요 ㅋㅋㅋㅋㅋㅋㅋ 아이폰 7은 중고로 팔면 15~20만원 나오나봐요! 얼른...,아름다운 지구별 여행중 ♬,https://blog.naver.com/kiddy47,20190324
김해아이폰수리 당일 해결했네요!,https://blog.naver.com/wayfater?Redirect=Log&logNo=221493306083,점심시간에 짬내서 고치러 가기위해서 출근하자마자 김해아이폰수리 검색을 했어요. 빠른수리와... 김해아이폰수리 아이플랜은 김해에서 가장 인정받고 있는 아이폰 사설수리 전문업체라고 합니다. 핸드폰...,IT파이오니아,https://blog.naver.com/wayfater,20190320
중고아이폰 판매구매 모두 합리적!,https://blog.naver.com/nxmcneuwiue3?Redirect=Log&logNo=221491897813,중고아이폰을 팔아서 돈을 벌어보세요! 오늘 저희 폰사요몰에 도착한 핸드폰 기종은 아이폰7플러스였습니다! 아무래도 아이폰들은 중고여도 사람들이 많이 찾다 보니 가격이 꽤 나가는 것 같아요~ 보시다시피...,폰사요몰,https://blog.naver.com/nxmcneuwiue3,20190319
갤럭시 워치 액티브  후기 (아이폰과의 연동),https://blog.naver.com/ljh5344?Redirect=Log&logNo=221484639524,아이폰과의 연동에 대해서도 설명드릴게요. 우선 구성품 리뷰용으로 찍은게 아니라 겁나... 처음에 받았을 때는 아이폰 어플이 안 나온 상태여서 뭘 할 수 가 없어서 킬 때 뜨는 장면만 찍어봤어요 ㅋㅋ...,Chez JINA,https://blog.naver.com/ljh5344,20190310
아이폰8 ♡,https://blog.naver.com/yny77777?Redirect=Log&logNo=221494735898,2년간 아이폰 se사용했는데 이번에 아이폰8로 갈아탔습니다! 일본은 회사를 바꾸면 (가령 kt에서 sk텔레콤으로 갈아타면)가격이 상당히 저렴해지고 여러가지 혜택을 많이 보는 관계로 저랑 남편 둘다...,wonderland,https://blog.naver.com/yny77777,20190322
아이폰 xs카메라의 오랜 기록들,https://blog.naver.com/jangdongwon890404?Redirect=Log&logNo=221484427932,"오랜만에 아이폰 사진들 저는 아이폰 xs의 max 버전을 사용 중입니다. 가끔 x 도 있는데, 표시해놨어요. 오늘 올리는 사진들은 여러 시간 여러 장소에서의 기록들, 거의 아이폰xs로 찍었다. 여기는 강릉! 하루쯤...",6월의 숲,https://blog.naver.com/jangdongwon890404,20190310
iPhone SE2(아이폰 SE2) 출시와 사전 예약...,https://blog.naver.com/soundsonic?Redirect=Log&logNo=221493883332,"아마 많은 분들께서 아이폰 SE2를 기다리고 계실거라 생각합니다. 저 역시도 아이폰 SE2를 기다리고 있는 사람 중 하나이인데요, 약 3년 동안 잘 사용해 온 아이폰 6s가 조금씩 문제를 일으키고 있기에 아이폰...",이웃집딴따라의 온드림뮤직,https://blog.naver.com/soundsonic,20190321
아이폰8 진짜로 구입할 수 있는 곳,https://blog.naver.com/musediet?Redirect=Log&logNo=221492868639,"이미 제가 운영하는 유튜브 라이브 채널을 통해 애플의 iPhone 시리즈 사용 고객들은 아이폰XS... 신형 iPhone 시리즈가 비싼 것은 맞고, 그 때문에 전년 대비 신형 아이폰 시리즈의 판매량이 15% 줄어들었다고...",뮤즈의 it·육아,https://blog.naver.com/musediet,20190320
부평아이폰수리 정품쓰는곳 찾으려면!,https://blog.naver.com/kas2724?Redirect=Log&logNo=221490126526,부평아이폰수리 정품쓰는곳 찾으려면! 부평문화의 거리 인근에 위치한 부평아이폰수리. 이 근방에 사는 분들이라면 이 주변에서 한 번도 안 놀아 본 적이 없을 만큼 굉장히 핫한 지역이다. 꽤나 유명한 프렌...,Qwerty IT,https://blog.naver.com/kas2724,20190317
"아이폰xs 맥스 케이스, 정품보다 더 좋네??",https://blog.naver.com/clubkang?Redirect=Log&logNo=221492470466,"아이폰xs 맥스 케이스 또한 마찬가지다. 외부는 부드러운 실리콘 소재, 안쪽은 부드러운 섬유 재질로... 실용적인 스마트폰 액세서리로 인기를 끌고 있는 JUPAZIP에서 정품보다 더 정품 같은 아이폰xs 맥스...",워터포르의 디지털 시간여행&와포TV,https://blog.naver.com/clubkang,20190319
아이폰XS랑 다시 시작,https://blog.naver.com/hyein217?Redirect=Log&logNo=221495788223,폰을 바꿨다 #아이폰XS 6S 배터리 때문에 짜증나서.. 임직원가로 겟 색은 고민없이 실버 백업도 귀찮아서... 찍어놓기 #아이폰인물사진 와우내 우리 찰리 수퍼스타 스벅 다크초콜릿매캐롱 JMTGR 퇴근하고 늦게...,이것저것주워먹다배탈나는블로그,https://blog.naver.com/hyein217,20190324
아이폰충전기 구매한 핫한 후기,https://blog.naver.com/ghdkwoawakd?Redirect=Log&logNo=221493870953,"이런 경우 가장 먼저 의심해보아야 할 것은 역시 아이폰충전기이겠지요. 그전부터 아무리 꽂아 보아도... 아이폰충전기가 고장이 났다며 하나 구매를 해야 하는데, 뭐가 좋은지.. 모르겠다고 투덜.. 투덜. 거리는...",아이툴즈 공식블로그 [아이폰&아이패드 정보],https://blog.naver.com/ghdkwoawakd,20190321
"아이폰XS 가격, 이제는 떨어져야 할 때",https://blog.naver.com/seagreen0314?Redirect=Log&logNo=221495128894,"아이폰XS 가격 여전히 부담스럽다 스마트폰의 거대 산맥이라면 현금 부자인 애플을 빼놓을 수 없습니다. 탄탄한 운영체제를 기반으로 아이폰, 아이패드, 맥북 등의 제품군으로 굳건한 시장을 구축하고...",김땍이의 놀이터,https://blog.naver.com/seagreen0314,20190323
노원아이폰액정수리 친절하네요!,https://blog.naver.com/wayfater?Redirect=Log&logNo=221494024768,제가 올해 꼭 아이폰수리를 하기 위해서 다짐을 했는데 벌써 세달이 흘렀어요. 오늘은 남자친구와 데이트를 하기로 했는데 마침 남자친구도 배터리교체를 해야 한다고 해서 노원아이폰액정수리 잘하는 곳을...,IT파이오니아,https://blog.naver.com/wayfater,20190321
신촌아이폰수리점 남들과 다르게,https://blog.naver.com/tuddl22?Redirect=Log&logNo=221470630872,"아이폰6S 사용자 입니다.지금 사용하는 아이폰6S 배터리도 교체하고, 뒷판에 심한 기스 때문에 집에 쳐박아둔 바닷물에 빠진 또 다른 아이폰 6S 뒷판으로 교체하는 곳이 있을지 문의했는데리퍼닷컴...",보라빛 향기가득~ 퍼플션의 행복이야기~♥,https://blog.naver.com/tuddl22,20190220
아이폰SE중고 판매각! 구매각!,https://blog.naver.com/nxmcneuwiue3?Redirect=Log&logNo=221493622785,오늘의 고객님은 아이폰SE를 가지고 오셨는데요 사진에서 볼 수 있듯이 액정이 파손된 상태였습니다 사실 이번 고객님께서는 아이폰 중 아이폰SE가 가장 예쁘다고 생각하셔서 중고폰 구입 후 계속해서 보관만...,폰사요몰,https://blog.naver.com/nxmcneuwiue3,20190321
아이폰중고시세 알아야 안당한다(feat 아이폰파는곳),https://blog.naver.com/1wone2?Redirect=Log&logNo=221493103839,"#아이폰중고시세# 알아야 안 당합니다. 그래서 오늘은 이 주제로 글을 적겠습니다. 아이폰파는곳 찾는 분들에게 알고 가시라고 ~ 이렇게 글을 적습니다. ^^ 아실만한 분들은 알겠지만, 네 , 저는 중고폰매매 업을...",액정모아 액정나라,https://blog.naver.com/1wone2,20190320
벅스 아이폰 음악앱 5.0으로 더 업그레이드,https://blog.naver.com/moimoi1357?Redirect=Log&logNo=221493695225,가족과 함께 계정을 공유하면서 모두 3가지의 음악 스트리밍 서비스를 결제하여 아이폰과 안드로이드... 벅스가 아이폰 음악앱으로 적당한 이유 디스플레이에 가해지는 압력을 감지하여 추가적인 동작을 하는...,모이모이의 IT 이야기,https://blog.naver.com/moimoi1357,20190321
아이폰6S액정수리비용 가격과 품질 가성비 굿!,https://blog.naver.com/ygvyffgk11?Redirect=Log&logNo=221494518796,고객님은 아이폰6S를 사용하시다가 오셨는데요 보시는 것처럼 액정이 파손되어서 오셨습니다 사실 이... 아이폰6S가 출시가 된지 이미 4년정도나 된 꽤 오래된 폰이기 때문에 이왕 돈을 들이시는 거 저희는 착한...,폰사요몰 본점,https://blog.naver.com/ygvyffgk11,20190322
아이폰7플러스 배터리 자가교체 휴대폰 오래쓰기,https://blog.naver.com/kbs72800122?Redirect=Log&logNo=221496362520,아이폰7플러스를 사용한지 3년이 다되어가는 시점 ? 3년차 요즘 스마트폰은 성능이 상향평준화가 완료된 시점이라 실제 퍼포먼스 자체는 제 기준으론 아이폰 기준 6이상 갤럭시 s6 이상 노트5 이상이면 사실...,빰S 의 디지털 이야기,https://blog.naver.com/kbs72800122,20190324
아이폰 XR 3개월 사용 후기.,https://blog.naver.com/almost_s?Redirect=Log&logNo=221495797387,"지난겨울에 샀지만 이제 와서 올려보는 아이폰 XR 리뷰. 핸드폰이나 태블릿에 대해서는 그다지 욕심이... 그러니 학교 다닐 때부터 쭉 아이폰과 맥북, 아이맥을 사용하던 애플 유저라 일단 아이폰으로 바꾸는...",레스헌드레드,https://blog.naver.com/almost_s,20190324
모피 쥬스팩 에어~  아이폰7 배터리 케이스,https://blog.naver.com/miracledd?Redirect=Log&logNo=221496610401,제 스마트폰은 아이폰 7 인데요. 무려 약 27시간동안 사용이 가능합니다. 만약 게임을 주력으로 하고... ^^ 제가 선택한 모델은 아이폰7 전용 케이스입니다. 애플 매장에서 파는 제품답게~ 포장이 매우...,조각나암,https://blog.naver.com/miracledd,20190325
"&lt;최신 폰 추천&gt;아이폰 7,갤럭시S10-성능/가격으로 선택해야.",https://blog.naver.com/yconan?Redirect=Log&logNo=221492769775,"하면 &lt;아이폰7&gt;과 &lt;아이폰7 플러스&gt;이다. 이 기종은 2016년 출시되어 한국에 제대로 기능이 소개된적이 없다. 조금만 스펙을 비교해보면 현실적으로 2세대전의 스마트폰인데 여전히 사진, 보안...",.,https://blog.naver.com/yconan,20190321
아이폰케이블 정품 이래서 좋은거죠,https://blog.naver.com/ghdkwoawakd?Redirect=Log&logNo=221492906546,한번 사면 2~3년 이상은 쓰는 휴대전화기 라고 해도 아무리 소모품인 아이폰케이블이 몇개월 못 가서... 박스 안에 있는 아이폰은 수출을 내보내고 구성품들이 남게 되니 필요하신 분들을 위해 판매를 하는 것...,아이툴즈 공식블로그 [아이폰&아이패드 정보],https://blog.naver.com/ghdkwoawakd,20190320
아이폰 백업 방법! 그리고 언제 해야 할까?,https://blog.naver.com/jswon34?Redirect=Log&logNo=221473861862,"아이폰 백업 방법과 언제 해야 하는지에 대해서도 써볼까 합니다. 이 포스팅을 작성하게 된 계기는... 먼저, 언제 아이폰 백업을 언제 해야하는지부터 알아봐야 할 것 같습니다. 무턱대고 하면 컴퓨터 용량만...",Leibliz’s Blog Story,https://blog.naver.com/jswon34,20190224
아이폰 XS 강화유리필름 처비캣 재구매!,https://blog.naver.com/asteroid6?Redirect=Log&logNo=221495073554,아이폰 XS로 핸드폰을 바꾸면서 처비캣의 강화유리필름으로 액정을 보호해 주었는데요 워낙 핸드폰을... 처비캣에서는 아이폰 XS 강화유리필름이 깨지지 않게 에어 비닐로 잘 포장해서 보내주셨어요 제가...,스위트 클라라,https://blog.naver.com/asteroid6,20190322
강서구아이폰수리 마곡 유명하네요!,https://blog.naver.com/wayfater?Redirect=Log&logNo=221489394402,오늘 아침에 가까운 동생이 아이폰8을 사용하다가 출근길에 그냥 떨어뜨려서 앞 액정 유리가 산산조각이 나 버렸다고 하더라구요. 강서구아이폰수리 전문점에서 아주 깔끔하게 잘 해결해서 그 이야기를...,IT파이오니아,https://blog.naver.com/wayfater,20190316
"아이폰X 스펙, 현재도 충분히 상위권 진입 가능!",https://blog.naver.com/seagreen0314?Redirect=Log&logNo=221490076675,"아이폰X 스펙 현재도 상위권이다 스마트폰에 관심이 많았던 옛날에, 감압식 터치를 꾸역꾸역... 바로 아이폰 3GS를 만졌을 때였죠. 그때부터 아이폰에 빠지기 시작해서 지금 사용하고 있는 아이폰XS까지...",김땍이의 놀이터,https://blog.naver.com/seagreen0314,20190317
아이폰X중고가격 궁금하면 클릭!!,https://blog.naver.com/nxmcneuwiue3?Redirect=Log&logNo=221496741512,고객님은 아이폰X 구매 원하셔서 오셨는데요 말씀드린 것처럼 아이폰7플러스 사용하고 계시다가 약정은 아직 한참이나 남았는데 더 이상 못 쓰겠어서 구매 원하셨다고 합니다 구매를 생각하고 제일 먼저 개인...,폰사요몰,https://blog.naver.com/nxmcneuwiue3,20190325
합정아이폰수리 앞뒷면 수리받은 후기,https://blog.naver.com/tuddl22?Redirect=Log&logNo=221486148913,했어요 아맞다 뒷판 유리지............?ㅎㅎㅎㅎㅎㅎ 제 핸드폰은 아이폰8이거든요..... 까페 화장실은 또... 아니 합정아이폰수리 는 또 왜리 많은겨.. ? 어디로가야하나 후기들까지 꼼꼼히 읽어봤어요 여러군데...,보라빛 향기가득~ 퍼플션의 행복이야기~♥,https://blog.naver.com/tuddl22,20190312
아이폰보호필름 이지가이드 덕분에 붙이기 쉬워!,https://blog.naver.com/nrsla?Redirect=Log&logNo=221493511078,아이폰7 사고 나서 처음 보호필름은 통신사에서 무료로 주는 일반 필름을 붙였었다. 원래 물건 잘... 다행히 보험 들어놓은 게 있어서 보험처리하고 아이폰7은 수리받았다. 그래서 이후로는 항상 풀커버...,나리와 함께한 화요일,https://blog.naver.com/nrsla,20190324
아이폰 백업 방법 및 아이튠즈로 복원방법,https://blog.naver.com/hoyaing1?Redirect=Log&logNo=221494842125,아이폰 백업 방법 그리고 아이폰 아이튠즈 복원이라는 말은 쉽게 들을 수 있지만 왜 백업을 해야 하는지 모르시는 분들이 의외로 많이 있습니다. 그렇다면 아이폰 백업과 백업을 한 뒤 아이튠즈로 복원은 언제...,초보낚시 이야기,https://blog.naver.com/hoyaing1,20190322
아이폰 자동완성 끄기 쉽고 간단하게 알려드릴게요,https://blog.naver.com/daily__y?Redirect=Log&logNo=221482512751,아이폰을 처음 써보시는 분들이라면 처음에 제일 당황하는게 아마 타자칠때 이지 않을까 싶어요. 저... 오늘은 아이폰 자동완성 끄기 방법에 대해 소개해드릴텐데 그냥 너~~무 나도 간단하니까 쉽게 바로...,꿈꾸는세상,https://blog.naver.com/daily__y,20190307
아이폰수리점 수리비 리퍼비 한눈에!,https://blog.naver.com/ygvyffgk11?Redirect=Log&logNo=221493615567,모두 아이폰수리점인 폰사요몰로 모이세요~ 전국 어디에든 있으니 수리나 리퍼 등 필요한 일 있으시다면 언제든 가까운 곳으로 와 주시길 바랍니다 오늘은 아이폰7플러스를 가지고 오신 고객님이 계셨는데요...,폰사요몰 본점,https://blog.naver.com/ygvyffgk11,20190321
아이폰 3D TOUCH (3D 터치),https://blog.naver.com/hungry5253?Redirect=Log&logNo=221490507339,아이폰에는 여러 숨은 기능들이 많죠.. 어떤 기기든 본인에게 편한 기능만 주로 사용하게 되는데.. 그래도 알아두면 편한 기능하나가 3D 터치입니다. 이미 아이폰6S때부터 적용된 기능이라 많이들...,.....연인비의 소소한 이야기....,https://blog.naver.com/hungry5253,20190317
"아이폰XS 풀커버 강화유리필름, 처비캣",https://blog.naver.com/ssalnim?Redirect=Log&logNo=221485587566,"아이폰XS 3D곡면 풀커버 강화유리 보호필름 이번 포스팅은 아이폰XS 구입한 강화유리 호필름이에요 :) 오랜만에 보호필름 포스팅 힛힛 아이폰X와 XS의 사이즈는 동일하므로, 보호필름은 따로 구별하지 않고...",b o r i h o l i c ™,https://blog.naver.com/ssalnim,20190311
아이폰XR 사옴,https://blog.naver.com/doksoo55?Redirect=Log&logNo=221496431739,"도움으로 아이폰 XR 구입했습니다 옛날에 학창시절에는 젤 이쁜거, 유행인거, 비싼거 그런게 왜 그렇게... ㅠㅠ 아이폰을 벌써 몇년째 쓰고 있지만 이번에는 또 새로운 느낌이라 ㅋㅋㅋ 아직 적응이 안돼서...",춘천원룸 투룸 부동산블로그,https://blog.naver.com/doksoo55,20190324
아이폰도 안드로이드 스마트폰처럼 사진과 음악을 편리하게...,https://blog.naver.com/unicts?Redirect=Log&logNo=221496307296,아이폰으로 넘어오면서 불편한 것이 딱 하나 있는데 그게 바로 PC와 연결하여 음악이나... 반면에 아이폰은 PC와 연결을 해도 아이튠즈라는 번거로운 어플을 이용해서 왔다 갔다 해야 하니...,오늘도 난 낙서를 한다.,https://blog.naver.com/unicts,20190324
식스맨 아이폰Xs 강화필름,https://blog.naver.com/sunzzyn?Redirect=Log&logNo=221490592366,"식스맨 아이폰Xs 강화필름 ; 이제 5개월째 사용중인 아이폰Xs. 비싸도 더럽게도 비싼 탓에 아주 폰을 애지중지 모시듯 사용하고 있다. 그래서 케이스도 거의 빼지않고, 언제나 강화필름을 붙여서 사용중인데.....",sunzzyn blog,https://blog.naver.com/sunzzyn,20190318
애플 폴더블폰-아이폰X 폴더블 컨셉 3종,https://blog.naver.com/artlife?Redirect=Log&logNo=221485882693,애플 폴더블폰 아이폰X 폴더블 렌더링 이미지 3종 2019년 2월20일과 24일 삼성 전자와 화웨이가 폴더블폰을 각각 공개한 이후 많은 사람들의 관심은 이제 스마트폰의 원조격인 애플 아이폰의 폴더블폰...,하늘소 블로그,https://blog.naver.com/artlife,20190311
아이폰 배경화면 심플 깔끔한 거 찾을 때!,https://blog.naver.com/zmsrhaeodnd?Redirect=Log&logNo=221475410222,"이미지들을 하나하나 골라가며 다시 초심으로 돌아가보고자 아이폰 배경화면 심플 깔끔한 거 찾을 때... 그래서 전, 그 브라운 톤의 색감을 더더욱 살려서 보정했답미당 히힛 사실 세번째로 보여드리는 아이폰...",건방진 김크리,https://blog.naver.com/zmsrhaeodnd,20190226
아이폰중고시세 정확한곳!,https://blog.naver.com/nxmcneuwiue3?Redirect=Log&logNo=221494501768,이번 고객님도 고장난 핸드폰을 판매하려 하셨는데요 아이폰7플러스를 사용하시다가 액정이... 이번 고객님의 아이폰7플러스도 택배로 받은 뒤 바로 신속 정확하게 검수 진행해보았는데요 평소에 관리를 꼼꼼히...,폰사요몰,https://blog.naver.com/nxmcneuwiue3,20190322
구월동아이폰수리 장점많은 인천 리퍼닷컴,https://blog.naver.com/tuddl22?Redirect=Log&logNo=221469544950,리퍼닷컴 구월동아이폰수리 매장은 좀 작지만 아주 깔끔하고 정리가 잘 되어있었어요! 그럼 지금부터 제가 느낀 리퍼닷컴 인천 아이폰의 좋았던점 네가지만 꼭 얘기하고 싶어요. 먼저 전화를 하니 리퍼닷컴...,보라빛 향기가득~ 퍼플션의 행복이야기~♥,https://blog.naver.com/tuddl22,20190219
아이폰XS강화필름 식스맨 풀커버 최고의 선택!!,https://blog.naver.com/ebsdostb?Redirect=Log&logNo=221489299003,아이폰XS강화필름 식스맨 풀커버 최고의 선택!! 저의 분신 아이퐁!! 얼마전에 강화유리가 박살나서... 그래서 급히 아이폰XS강화필름 준비했죠!!! 식스맨 강화유리!!! 레드컬러의 포장이 마음에 들더라구요....,듄앤슈의 블로그,https://blog.naver.com/ebsdostb,20190315
"아이폰 강제종료 &amp; 재부팅방법(se ~ 7, 8 포함)",https://blog.naver.com/hoyaing1?Redirect=Log&logNo=221494180315,아이폰 강제종료 &amp; 재부팅방법 아이폰se 아이폰7 아이폰8 아이폰x 포함 아이폰을 처음에 사용할때는 모델별 강제종료 방법을 알아두지 않아도 사용하는데 지장이 없었지만 6개월 정도 사용하다보면 강제종료를...,초보낚시 이야기,https://blog.naver.com/hoyaing1,20190321
홍대아이폰수리 ♬홍대아이폰서비스센터 아이폰조이,https://blog.naver.com/nolamanal?Redirect=Log&logNo=221496479654,"홍대아이폰수리 ♬홍대아이폰서비스센터 아이폰조이 한동안 쓰고 있는 아이폰7의 스피커 부분이 고장났는지 전화 통화 내용이 서로 들리지 않고, 동영상에 소리가 녹음되지 않아 불편을 겪고 있었는데...",어나더유,https://blog.naver.com/nolamanal,20190325
아이폰8액정수리비 정품인데 이정도?,https://blog.naver.com/ygvyffgk11?Redirect=Log&logNo=221482590450,"제대로 된 봄과 꽃이 우리를 찾아오기 전에 어서 깨져있는 액정을 고쳐봐요~ 하지만 특히 아이폰, 그것도 아이폰8이나 아이폰X, 아이폰XS 등의 최신폰이라면 하늘 높은 줄 모르고 치솟는 액정 수리 가격을...",폰사요몰 본점,https://blog.naver.com/ygvyffgk11,20190307
아이폰 정품로고 케이스 핫딜 ! (-20),https://blog.naver.com/danze5?Redirect=Log&logNo=221490591074,"아이폰 케이스, 라스트 재진행해요 ! 추후 진행여부 미정입니다 :) 기간 : 3/18~20 (수요일 밤 11시 마감할게요, ) 배송 : 3/21일부터 입금순 배송 시작할게요 - * pc로 보시는걸 권장합니다. 이용안내 * 아이폰...",에스샵,https://blog.naver.com/danze5,20190318
깜박 잊었어? 건망증 퇴치 쉬운 아이폰 일정 등록 팁,https://blog.naver.com/bonamy?Redirect=Log&logNo=221493216818,이런 사소한 것은 아이폰 기본기능 활용해 기억하는것이 제일 간편하고 유익할 것 같습니다. 다들... ▼ 아이폰 일정등록 이 기능을 이용하면 쉽게 쿠폰 기한을 기록해 둘 수 있습니다. 문자메시지 뿐 아니라...,보남이의 앱세이(App Say),https://blog.naver.com/bonamy,20190320
아이폰통화안들림 여기서 해결완료,https://blog.naver.com/clementine09?Redirect=Log&logNo=221492196525,안녕하세요 오늘은 아이폰통화안들림으로 인사드려봅니다 요즘 일교차가 크죠 밤에는 춥지만 그래도... 특히 아이폰 같은 경우 유료 어플 중에 너무 좋은 필터가 많아서 아시는 분들은 공유해서 쓰기도 하고...,"ONE FINE DAY,",https://blog.naver.com/clementine09,20190319
‘아이폰의 품격’ IBM이 돕는다!,https://blog.naver.com/ibm_korea?Redirect=Log&logNo=221487239287,스마트폰의 대중화를 이끈 Apple(애플)사의 아이폰과 아이패드는 출시 이후 10여 년간 전 세계인에게... 애플이 iOS 운영체제를 기반으로 하는 아이폰과 아이패드에 적용할 혁신 기술로 IBM의 빅데이터 분석...,IBM KOREA,https://blog.naver.com/ibm_korea,20190315
나인쉴드 아이폰XS맥스 강화유리,https://blog.naver.com/tayaks1008?Redirect=Log&logNo=221489358269,아이폰 xs사용중이라서 강화유리 하려고 고민 하다가 나인쉴드 제품 포스팅 해용 요즘 아이폰xs맥스 제품 정말 많죠 강화유리는 이제 정말 필수템 인거같아요 안그러면 비싼 폰 액정이 ㅠㅠ 깨지면......,♥썬파워님의블로그♥,https://blog.naver.com/tayaks1008,20190315
오사카 애플스토어 아이폰 가격,https://blog.naver.com/hshyun0602?Redirect=Log&logNo=221494629058,"일본에서 아이폰 사면 얼마? 오사카 애플스토어 아이폰 XR, XS, XS MAX 가격 아이폰 XS MAX를 구매한 이후로 여행 다닐 때마다 그곳에 있는 애플스토어, 혹은 휴대폰 매장에 가서 아이폰 가격들을 확인하는...",브로디 블로그,https://blog.naver.com/hshyun0602,20190325
부산 사상 아이폰 수리 주례 개금 실력업체입니다.,https://blog.naver.com/junik1456?Redirect=Log&logNo=221492175656,부산 사상 아이폰 수리 주례 개금 실력업체입니다. 봄기운이 가득한 요즘 설레는 마음으로 하루하루를 살아가고 있는것 같습니다. 부산 사상 아이폰 수리 전문으로 해드리는 업체 I CARE 도 방문해주시는...,★★★부산애플수리전문 아이케어 서면★★★,https://blog.naver.com/junik1456,20190319
신림아이폰수리 저렴하고 빠르게 가능,https://blog.naver.com/ygvyffgk11?Redirect=Log&logNo=221491101613,다른 사람들과 소통하기가 조금은 어려워지겠죠~ 새로 사귄 친구들과 어디론가 놀러 가기 전에 하루 빨리 폰사요몰 서울대입구점으로 오셔서 아이폰 수리 받아가시길 바랍니다! 이번에 오신 고객님은 아이폰7플...,폰사요몰 본점,https://blog.naver.com/ygvyffgk11,20190318
일산아이폰서비스센터 웨스턴돔 리퍼닷컴,https://blog.naver.com/tuddl22?Redirect=Log&logNo=221487283926,일산아이폰서비스센터 웨스턴돔 리퍼닷컴 안녕하세요. 요즘 미세먼지 너무 심하죠... 며칠간 연속으로... 제일 후기 좋고 괜찮은 일산아이폰서비스센터 로 방문했습니다. 매장에 방문해서 견적 물어보고 액정...,보라빛 향기가득~ 퍼플션의 행복이야기~♥,https://blog.naver.com/tuddl22,20190313
아이폰유상리퍼 정품인데 저렴하다?,https://blog.naver.com/ygvyffgk11?Redirect=Log&logNo=221492882798,"아이폰은 액정 파손이나 카메라 손상, 침수 등 본인 과실로 인한 고장은 모두 유상 리퍼로 진행이... 이번에 저희 폰사요몰을 찾아주신 고객님은 아이폰8 들고 오셨는데요 갑자기 전원이 켜지지 않아서 오셨다고...",폰사요몰 본점,https://blog.naver.com/ygvyffgk11,20190320
아이폰수리비용과 업체선별 방법 알려드려요!,https://blog.naver.com/nxmcneuwiue3?Redirect=Log&logNo=221494630940,하지만 입이 떡 벌어지는 수리비에 더욱 난감합니다 특히 아이폰이라면 새폰을 사는게 나을정도로 배보다 배꼽이 더 큰 상황이 펼쳐집니다. 또 아이폰 수리센터의 경우 대기만 기본 한 시간이 소요되다보니...,폰사요몰,https://blog.naver.com/nxmcneuwiue3,20190322
아이폰6액정수리비 정품액정에 저렴히!,https://blog.naver.com/ygvyffgk11?Redirect=Log&logNo=221496723529,애플 공식 센터와 마찬가지로 고객님께서 사용하시다가 고장난 핸드폰을 반납하고 정품 아이폰을 새로... 고객님께서도 아이폰6와 같이 오래된 폰에 꽤나 큰 수리비를 투자하시기에 부담스러워 하시더라고요...,폰사요몰 본점,https://blog.naver.com/ygvyffgk11,20190325
[홍대아이폰수리] 아이폰7+ 액정수리는 홍대 아이폰조이,https://blog.naver.com/wendy_27?Redirect=Log&logNo=221495718203,"아이폰 쓰시는 분들 웬만한 분들은 다 강화유리 액정필름 붙이고 케이스 씌워서 다니시죠?! :) 저는 지금 첫번째 아이폰인 아이폰7+를 2년 넘게 쓰고 있는데 액정필름 한 번 붙인 적 없다가, 얼마 전 야외...","여행, 혹은 여행처럼*",https://blog.naver.com/wendy_27,20190324
아이폰6s 배터리 교체 비용 딱 좋네요!!,https://blog.naver.com/promise7511?Redirect=Log&logNo=221488935949,"아이폰의 사용량에 따라서 조금씩 개인적인 차이가 있겠지만 게임이나 유튜브, 영상을 많이 보시는... #아이폰6s 배터리 충전이 너무 빨리 된다거나 너무 빨리 닳는 것도 배터리 충전량이 적기 때문입니다....",★신림아이폰수리 에이픽스 신림센터★,https://blog.naver.com/promise7511,20190315
예쁜 명화 아이폰XS케이스 아티풀에서 장만♡,https://blog.naver.com/ingenuehee?Redirect=Log&logNo=221494830554,예쁜 명화 아이폰XS케이스 아티풀에서 장만 개봉기 &amp; 사용후기 마지막으로 고무 재질이었던 아이폰XS케이스를 오래 잘 착용하고 있다가 변화를 주고 싶어서 오랜만에 새 케이스를 장만했다 ♥ 나.. 이제 좀...,♧ ingenuehee 앤지뉴희 ♧,https://blog.naver.com/ingenuehee,20190323
청주아이폰액정수리 싸게 수리해서 만족하는 수리점!!,https://blog.naver.com/roy1967?Redirect=Log&logNo=221479032336,ㅇ #청주아이폰액정수리를 저렴하고 퀄리티도 믿를 수있는 아이폰마켓입니다. #아이폰사설수리점이 다 거기서 거기라고 생각하심 아니 됩니다. 아이폰3GS 단말기부터 지금까지 꾸준히 오랫동안 수리를 해온...,청주 아이폰마켓,https://blog.naver.com/roy1967,20190303
아이폰 QR코드 스캔 새로운 기능 &amp; 사용법,https://blog.naver.com/skinnydiet?Redirect=Log&logNo=221494265637,iOS 12에서 아이폰 QR코드 스캔 기능에 두가지 새로운 기능이 추가되었습니다. 제어센터에 QR코드 스캔... 한층 편리해진 아이폰 QR코드 스캔 새로운 기능에 대해 알아봅시다. 제어센터에서 사용하기 첫번째...,봄날의 하루,https://blog.naver.com/skinnydiet,20190322
아이폰X 커플케이스 :: 상콤 봄케이스 레코드라이프,https://blog.naver.com/annie850?Redirect=Log&logNo=221491654306,우리는 둘다 같은폰을 사용해서 모양도 똑같은 아이폰X 커플케이스 하는데 맛들린 것 같음ㅋㅋㅋ... 레코드라이프 일상을 기록하는 커스텀굿즈브랜드 www.recordlife.co.kr 우리가 레코드라이프에서 아이폰X...,앤양의 이로이로♡,https://blog.naver.com/annie850,20190319
일산아이폰수리 기종별 체크,https://blog.naver.com/tuddl22?Redirect=Log&logNo=221471383404,그래서 고민하면서 여기저기 찾아본 결과 괜찮은 가격에 정품으로 일산아이폰수리 진행하는 곳이 많이... 일산아이폰수리 에서는 정품수리만 진행한다고 걱정하지말라고 말씀하시면서 정품과 가품을 비교해서...,보라빛 향기가득~ 퍼플션의 행복이야기~♥,https://blog.naver.com/tuddl22,20190221
아이폰 자동완성 수정 끄기 방법,https://blog.naver.com/junw0726?Redirect=Log&logNo=221493625813,"처음 아이폰을 사용하는 분들에게는 이 기능이 오히려 불편해 하는 것이 사실이랍니다. 특히나 아이폰 자동수정 기능 같은 경우에는 의도치 않은 단어로 상대방에서 웃음과 당혹, 때에 따라서는 불쾌한 감정을...",드랍더비트,https://blog.naver.com/junw0726,20190321
아이폰 배경화면 ☆ 오사카 여행에서 직접찍은 고화질 감성,https://blog.naver.com/workroom0425?Redirect=Log&logNo=221478289580,그동안 고화질 아이폰 배경화면 감성을 기다리신 분께 기분좋은 포스팅이 되었으면 좋겠어요. 더불어... 잠금화면 설정 예시 아이폰 배경화면 고화질 &amp; 감성 오사카 여행 오사카 여행코스하면 제일 먼저...,A S L I ☆,https://blog.naver.com/workroom0425,20190302
아이폰x 케이스 바비럽에서 골라봤어요!,https://blog.naver.com/babo1004y?Redirect=Log&logNo=221496437043,"아이폰x 케이스 : 바비럽 저는 커플아이템을 좋아하는 편이에요 ㅎㅎ 모든걸 다 커플아이템으로 하는... 저는 아이폰6s 케이스, 신랑은 아이폰x 케이스 바비럽에는 다양한 디자인도 많더라구요~ 저희는 서로...",뽀로록월드 :),https://blog.naver.com/babo1004y,20190325
아이폰 글자 텍스트 크기 조절하는 방법,https://blog.naver.com/junw0726?Redirect=Log&logNo=221493061959,아이폰도 마찬가지이죠. 물론 반대로 글씨를 큼지막하게 하고 사용하시는 분들이 있으니 개취(개인취향)이라고 해두는 편이 좋을 거 같습니다. 부모님 세대에서는 아이폰 글자크기를 크게 쓰시는 분들도 계시니...,드랍더비트,https://blog.naver.com/junw0726,20190320
내가 가지고 있는 아이폰6S플러스 휴대폰케이스들! (총 몇개?),https://blog.naver.com/charry9212?Redirect=Log&logNo=221495847733,***내가 가지고 있는 아이폰6S플러스 휴대폰케이스들 블로그 mine 카테고리에 오랜만에 업데이트! 아이폰6s플러스 휴대폰케이스들! 약정이 3년이 넘어서 통신요금만 내고있어서 아마 거의 4년정도 모은...,CHERISH,https://blog.naver.com/charry9212,20190324
"DECO 데코 무선충전기 (DO-W10, 아이폰X 무선충전기)",https://blog.naver.com/ssalnim?Redirect=Log&logNo=221491260519,"아이폰X를 쓰면서 무선충전기를 사용하게 되었는데요. 이게 엄청 편한거에요. 밤에 어둑어둑한데서... 아이폰 뿐 아니라 삼성, LG 최신 스마트폰 모두 고속 충전 가능한 제품이에요. 구성품 : 충전기본체(DO-W10)...",b o r i h o l i c ™,https://blog.naver.com/ssalnim,20190318
영등포아이폰수리 정품으로 해결,https://blog.naver.com/ygvyffgk11?Redirect=Log&logNo=221481571466,안녕하세요~ 오늘은 영등포 아이폰 수리하면 가장 먼저 생각나는 폰사요몰에 대해 글을 남겨보고자... 오늘은 그래서 정품 추출액을 사용하여 믿음이 배로 가는 폰사요몰 영등포 아이폰 수리에 대해 말씀...,폰사요몰 본점,https://blog.naver.com/ygvyffgk11,20190306
아이폰 카카오톡 테마 바꾸는법 !,https://blog.naver.com/daily__y?Redirect=Log&logNo=221475246087,안녕하세요 드림입니다 아이폰 유저가 된지 어언 6년째.. 처음엔 단순히 사진이 이쁘게 나온다는... 제일 먼저 해야될게 원하시는 아이폰 카카오톡 테마를 포털사이트에 검색을 해줍니다 !. 약간의 팁을...,꿈꾸는세상,https://blog.naver.com/daily__y,20190226
귀여운 아이폰X케이스 @티피티포 클리어케이스,https://blog.naver.com/stephane12?Redirect=Log&logNo=221489596139,아이폰에는 내가 하루 평균 몇 시간 스마트폰을 이용하는지 측정해주는 ‘스크린타임’ 앱이 있다.... (아이폰X와 이중 하드 케이스의 조화는 너무 무거워 ㅠㅠ) 새로 주문한 티피티포 케이스 / 내 스크린 타임...,DDP : 개와 감독과 작가,https://blog.naver.com/stephane12,20190316
아이폰 XS 셀카최고 어플 추천 ♡,https://blog.naver.com/suny_90?Redirect=Log&logNo=221491364883,"#아이폰xs #셀카어플 서니블리예용 최근 핸드폰 바꿨어요 ㅠ_ㅠ 아이폰 xs 노트북 한대값이쥬,, 우선 전에 쓰던 아이폰7 비교하면 화면이 커졌고 홈버튼이 사라졌어요 불편했는데 금방적응은되네요! 핸드폰...",♥ 서니블리 ♥,https://blog.naver.com/suny_90,20190318
57 아이폰배경화면 봄이왔나봄♡,https://blog.naver.com/yzzzii?Redirect=Log&logNo=221473616843,작년겨울 아이폰 배경화면 포스팅보면 제발 겨울 빨리 지나가라고 빌었는데 ㅋㅋㅋ 어쩌다보니... 아이폰배경화면!! 봄의 장점 찾아보자..오..한달후면 프로야구 개막한다 ㅋㅋ한동안 오후 6시 30분이 심심했는데...,NAKTA,https://blog.naver.com/yzzzii,20190224
곰돌이 아이폰 케이스 디자인,https://blog.naver.com/gprhadl1?Redirect=Log&logNo=221490278801,곰돌이 아이폰 케이스 디자인 최근에 그린 곰돌이 얼굴로 아이폰 케이스를 제작했다 :) 처음에 다양한 얼굴 그리려는게 잘 안되서 이것저것 해보다가.. 색상도 바꾸고 표정도 여러가지로 더...,온아노트,https://blog.naver.com/gprhadl1,20190317
아이폰 8플러스 케이스 귀염뽀작,https://blog.naver.com/firehouse79?Redirect=Log&logNo=221489400343,인스타를 보다가 넘나 귀염뽀작한 아이폰 8플러스 케이스를 샀어요. 색감이 좀더 화려한?걸로 할까하다가 나의 아이폰에는 이 쿼카 색깔이 맞을 것 같아서 선택했는데 역시 잘 어울리더라구요. 항상...,반이짝이의 반짝반짝 빛나는 라이프,https://blog.naver.com/firehouse79,20190316
아이폰xs케이스 비주얼팩토리에서 인싸템 겟,https://blog.naver.com/adoreyouu?Redirect=Log&logNo=221493856118,"아이폰xs케이스, 인싸템= 비주얼팩토리 쨔잔 아이폰xs케이스가 돌아왔습니당 저는 약간 남들이 안가지고다니는st의 케이스를좋아하거든여 ㅋㅋㅋㅋㅋㅋㅋ 나름의 (비주류의) 인싸템이랄까 근데...",꼬뇽의 일상,https://blog.naver.com/adoreyouu,20190321
아이폰 XR 케이스 키키럽케이스 폰케이스 후기,https://blog.naver.com/snowrun?Redirect=Log&logNo=221491479208,아이폰 XR 케이스 키키럽 (kikiluv) 후기 #폰케이스추천 안녕하세요 핸잉이입니당 ! 오늘은 아이폰 XR 케이스를 소개해드리려고 해용 아이폰XR 를 사용하고 있는 친구에게 선물한 키키럽폰케이스...,핸잉이의 하늘꿈_,https://blog.naver.com/snowrun,20190318
폰케이스 아이폰SE -  컬러감 대박 티피티포,https://blog.naver.com/perfect62?Redirect=Log&logNo=221494755335,"소소한 소확행 중 하나가 있다면, 폰케이스 바꾸기 :) 내가 너무도 애정하는 나의 아이폰SE 이젠... 나의 아이폰SE 짝궁! 컬러케이스 삼총사 ! 폰케이스 말고도 다양한 소품 및 잡화들 굿즈들을 판매하는 티피티포...",＊문화스토커 위트의 다락방,https://blog.naver.com/perfect62,20190322
아이폰케이블 세렌디 고속충전 케이블,https://blog.naver.com/happyeuna?Redirect=Log&logNo=221488907304,"아이폰케이블 세렌디 고속충전 케이블 아이폰 충전 케이블로 이번에 새로 세렌디몰에서 들여왔어요 ㅋ 짧은 거에서부터 긴 줄까지 다양하니 좋더라구요,, 가격도 저렴하고요~ 아이폰 고속충전케이블...",꿈꾸는 새미의 육아스토리,https://blog.naver.com/happyeuna,20190317
멜로소핑거에서 아이폰 예쁜폰케이스 겟겟!,https://blog.naver.com/sumijj29?Redirect=Log&logNo=221491488359,일단 케이스만 봤을때는 되게 톡톡하고 도톰한 느낌이 들었어요 케이스만 만져봐도 단단해서 젤리케이스지만 아이폰을 잘 감싸줄 수 있을 것 같은 느낌 드디어 착샷입니당 제 아이폰이 블랙이라서 이렇게...,The Simple Things,https://blog.naver.com/sumijj29,20190318
춘천 중고폰 아이폰X 64G 판매중입니다.,https://blog.naver.com/sirano89?Redirect=Log&logNo=221491774335,현재 춘천 명동 애플준에서는 아이폰X 64G 중고폰을 판매하고 있습니다. ▽ 춘천 명동에 위치하고 있습니다. 애플 아이폰X 64G Brand new world 춘천 명동 애플준 010.5555.0126 ■ 새것과 같은 디스플레이 현재...,하고 싶은 것 하는 블로거 프로N잡러 SOMORIAE,https://blog.naver.com/sirano89,20190319
폰케이스 :: 아이폰7플러스 키키럽케이스 ♡,https://blog.naver.com/wjdgn8?Redirect=Log&logNo=221492306313,"안녕하세요 아이폰 유저 후블리입니당♡ 오늘은 폰케이스 추천 포스팅을 들고왔어요! 귀찮아서... kr 다양한 디자인이 많은 폰케이스 쇼핑몰으로 최신 기종인 갤럭시노트9케이스, 아이폰XS케이스도 제작이...",사랑스러운 후블로그~♡,https://blog.naver.com/wjdgn8,20190319
아직도 000의 iPhone으로 쓰세요? 아이폰 이름 바꾸기,https://kairosre.tistory.com/1234,아이폰을 구매하고 처음 세팅할 때 이름을 그대로 가져와 아이폰 이름으로 자동 설정이 됩니다. 아이튠즈나 아이폰에서 확인해보면 000의 iPhone로 표시되는 것을 알 수 있을 것입니다. 000의 iPhone가 아닌...,아티의 스마트라이프,http://kairosre.tistory.com/,20190308
아이폰 커플케이스 귀여운 미키마우스&amp;미니마우스 커플,https://blog.naver.com/nuj0140?Redirect=Log&logNo=221496150448,아이폰 커플케이스 귀여운 미키마우스&amp;미니마우스 커플 디자인 귀엽고 커플스러운~ 아이폰 커플케이스로 가장 좋을 케이스를 하나하나 알아볼게요 미키마우스&amp;미니마우스 아이폰 커플케이스예요...,NUJ,https://blog.naver.com/nuj0140,20190324
폰케이스쇼핑몰 아트마드 특이한 아이폰케이스 키치한 감성 :),https://blog.naver.com/dnvkd?Redirect=Log&logNo=221495057994,폰케이스쇼핑몰 추천 :: 아트마드 ARTMAD 특이한 아이폰케이스 감성 디자인 클릭하면 링크 연결됩니다 한때 아이폰케이스 거의 매일 바꿔 끼면서 예쁜 폰케이스 모았었는데 거의 100개에 가깝게 소장하고...,기억의 궁전,https://blog.naver.com/dnvkd,20190322
"아이폰 폰케이스 추천, 티피티포",https://blog.naver.com/bryjia?Redirect=Log&logNo=221493762090,"아이폰 폰케이스 추천, 티피티포 내가 평소 좋아하는 일상의 소소함을 주는 물건에 다양한 패턴을... 평소 노란색을 좋아하기도 하지만 봄이 되니 더욱 노랑에 눈이 가서 새로운 아이폰 케이스로 고르게...",감쟈고구마,https://blog.naver.com/bryjia,20190321
아이폰 케이스 추천; 키르시 빅 체리 핸드폰 케이스,https://blog.naver.com/sherinks?Redirect=Log&logNo=221496085962,#키르시핸드폰케이스 #키르시아이폰케이스 #범퍼아이폰케이스 #범퍼케이스 #예쁜핸드폰케이스 #핸드폰케이스추천 #아이폰케이스추천 #키르시케이스 #특이한아이폰케이스 #체리아이폰케이스 #체리케이스...,하날기,https://blog.naver.com/sherinks,20190324
아이폰 배경화면 고화질 감성사진 17종 ❤︎,https://blog.naver.com/jinmichu?Redirect=Log&logNo=221490636669,같은 아이폰 배경화면 ! 제 고화질 배경화면 기억해주셨다가 불펌충들이 퍼다나르는거 제보해주시는 분들 되게 많은데 감사드려용 ❤︎ 일일히 답변 못드려서 죄송해요 ㅠㅠ 올리는 아이폰 배경화면은...,진미츄 일상 기록,https://blog.naver.com/jinmichu,20190317
아이폰 심플 컬러 배경화면 ( 팬톤 2019 S/S 시즌 컬러 ),https://blog.naver.com/effortsforce?Redirect=Log&logNo=221482775585,"참조하여 아이폰 심플 컬러 배경화면을 만들어보았다. 자유로이 저장해서 사용하길 바라며, 앞으로 스터디 겸 재능기부의 형태로 아이폰 UI 관련 컨텐츠를 제작하여...",은근히 예뻐지는 블로그,https://blog.naver.com/effortsforce,20190307
아이폰 화면 녹화방법과 녹음 방법 IOS활용법,https://openarch.tistory.com/entry/%EC%95%84%EB%8B%88%ED%8F%B0-%ED%99%94%EB%A9%B4-%EB%85%B9%ED%99%94%EC%99%80-%EB%85%B9%EC%9D%8C-%EB%B0%A9%EB%B2%95,아이폰을 활용하다보면 화면을 녹화하는 기능이 필요할때가 있습니다. 아이폰 IOS는 이런 화면녹화기능을 제공하고 있어요. 화면을 녹화하는 방법은 간단합니다. 먼저 설정으로 들어가주세요. 설정의...,OPENARCH REVIEWS,http://openarch.tistory.com/,20190311
